新闻标题,所在地,评论,用户ID,点赞数
98岁天文学泰斗韩天芑及夫人新冠肺炎治愈出院,新疆博尔塔拉蒙古自治州,了不起！为祖国的医务人员点赞👍,空K靈,28
98岁天文学泰斗韩天芑及夫人新冠肺炎治愈出院,浙江杭州,浙江医生厉害,手机用户3508574012,15
98岁天文学泰斗韩天芑及夫人新冠肺炎治愈出院,浙江,祝福[鲜花],用户7413097564,14
98岁天文学泰斗韩天芑及夫人新冠肺炎治愈出院,天津,现在医疗这么厉害,德道参悟,7
98岁天文学泰斗韩天芑及夫人新冠肺炎治愈出院,浙江宁波,家有一老如有一宝！是中国的脊梁，财富！,湾子岭南,6
98岁天文学泰斗韩天芑及夫人新冠肺炎治愈出院,上海,这个新冠病毒对于有老年基础疾病的人也会手下留情。,用户6069026820,4
98岁天文学泰斗韩天芑及夫人新冠肺炎治愈出院,重庆,这就是上次报道他孙女求血浆支援的那位泰斗吧，太好了，真是为他们高兴，也觉得我们国家的医务人员不简单呀！,菱子絮语,2
98岁天文学泰斗韩天芑及夫人新冠肺炎治愈出院,山西大同,棒棒哒！,Leonardo沐晴苏,1
98岁天文学泰斗韩天芑及夫人新冠肺炎治愈出院,四川自贡,难得的好消息[鼓掌][鼓掌][鼓掌],LieConZh,1
98岁天文学泰斗韩天芑及夫人新冠肺炎治愈出院,河北唐山,真好！,用户7382234746,1
98岁天文学泰斗韩天芑及夫人新冠肺炎治愈出院,辽宁朝阳,新冠病毒碰到天文学泰斗甘拜下风投降了啊[耶]。,阳光咸菜,0
98岁天文学泰斗韩天芑及夫人新冠肺炎治愈出院,永安生命公园,一直牵挂着老科学家的病情，可惜网上在他孙女发了求助贴以后就杳无音讯，今天看到老爷子平安出院，非常高兴，愿老爷子长命百岁,用户6548998297,0
98岁天文学泰斗韩天芑及夫人新冠肺炎治愈出院,广东东莞,新冠在中国节节败退了。,he永远太遥远,0
98岁天文学泰斗韩天芑及夫人新冠肺炎治愈出院,江苏南京,厉害👍🏻,用户6012461659,0
“郑州毒王”同事一家三口在周口居家隔离,浙江杭州,郑州毒王医疗费应自付,千年平安,33
“郑州毒王”同事一家三口在周口居家隔离,北京,郭某鹏罪大恶极，不杀不足以平民愤。,点墨制夷,17
“郑州毒王”同事一家三口在周口居家隔离,北京,害了多少人不能正常工作生活？,二月不回头,12
“郑州毒王”同事一家三口在周口居家隔离,四川成都,直接罚款一个亿 这种人神经病,逍遥海-m63305,5
“郑州毒王”同事一家三口在周口居家隔离,湖北武汉,不自觉的人越来越多，为什么？,ZHIKET,0
“郑州毒王”同事一家三口在周口居家隔离,河北廊坊,天杀😡😡😡,用户6121272948,0
上海延长季节性暂停活禽活交易期限,江苏泰州,活禽交易应该禁止，而不是延长。,用户1503315270,0
上海浦东机场的这张照片，刷屏了！,新加坡,每个航班都这个阵势，再有钱也不能这么花啊。最好是对疫情严重的国家做一些限制。,老客新来,68
上海浦东机场的这张照片，刷屏了！,浙江杭州,很好！看到这些我就放心了！同志们辛苦了！谢谢你们！,急流勇进838_430,49
上海浦东机场的这张照片，刷屏了！,上海,你们到位，我们放心。感谢,Chrisjiang2005,43
上海浦东机场的这张照片，刷屏了！,浙江杭州,看懂了吧？这还只是开始。这会耗费多少人力物力？必须想个切实的办法了！比如，所有归国人员统一送往崇明岛隔离14天。,sunnysunnysunny888,20
上海浦东机场的这张照片，刷屏了！,宁夏银川,现在很多国家疫情并不透明，任何国家入境最好都能检测或14天自费统一隔离！因为现在国内已经恢复生产，入境人员不检测、不隔离乘坐公共交通，分分钟有可能致使上班族感染，代价太大！毕竟国内人民全民自行禁足不止一个14天！,分享一片天2012,18
上海浦东机场的这张照片，刷屏了！,山东,谢谢！,临沂吸塑胶盒米粮川,15
上海浦东机场的这张照片，刷屏了！,河南郑州,讲真的 这阵容也就中国可以看到，能看到这阵容你慌啥？看不到才慌[汗]国家给力,菠萝菠萝卜蜜,12
上海浦东机场的这张照片，刷屏了！,上海,居家隔离，他们都能那么听话地居家隔离吗？居家隔离是怎么一种隔离方法呢？,人境远地,11
上海浦东机场的这张照片，刷屏了！,北京,北京也应该这样做,用户7409700719,9
上海浦东机场的这张照片，刷屏了！,湖北武汉,都回来吧，一窝蜂、乌央乌央、成群结队、争先恐后、百米冲刺的速度,ZHIKET,9
上海浦东机场的这张照片，刷屏了！,广东深圳,来了中国就是十四天，你好他也好,我好钟意,9
上海浦东机场的这张照片，刷屏了！,湖南长沙,不能居家隔离啊，增大社区邻居被感染或邻居感染后的无知扩散风险。都应该集中隔离。,北极狐527,6
上海浦东机场的这张照片，刷屏了！,北京,少出门，少添乱。人家爽，己心安。,尘缘路遥32960,4
上海浦东机场的这张照片，刷屏了！,上海,上海评论都被删了，北京敢删吗,用户7388612305,2
上海浦东机场的这张照片，刷屏了！,浙江,真好！辛苦了[鲜花],vicki_marcia,2
上海浦东机场的这张照片，刷屏了！,辽宁沈阳,这得霍霍多少钱啊？这么隔离，空姐还够用吗？[汗],用户7394775472,2
上海浦东机场的这张照片，刷屏了！,北京,谁买单?,rain_0918,2
上海浦东机场的这张照片，刷屏了！,北京,上海的防控真是没得说👍，北京也应该像上海一样，人民群众需要为人民的硬核政府！,二月不回头,2
上海浦东机场的这张照片，刷屏了！,浙江杭州,世界性的严峻难题不要退给社区   太难做了    必须有万无一失的方法,大洋洲5529028416,1
上海浦东机场的这张照片，刷屏了！,湖北武汉,这些返回客应该不包括外箱华人“明星”吧！,崖边莫,1
上海浦东机场的这张照片，刷屏了！,上海,上海人有水平,斗破苍穹之间,1
上海浦东机场的这张照片，刷屏了！,北京,这几天回国的人太多了，都回来躲避疫情免费治疗来了！这时知道祖国好了！,北京彤彤姐,1
上海浦东机场的这张照片，刷屏了！,北京,然后航空公司的乘务人员最后都隔离了。。。,让世界温柔对待,1
上海浦东机场的这张照片，刷屏了！,北京海淀,一架飞机隔离一个机组，很快就没人开灰机了，然后就没有境外输入了[笑cry][笑cry],北天猪神,1
上海浦东机场的这张照片，刷屏了！,内蒙古呼和浩特,为什么还不停飞。难道让我们为英国和瑞典人买单吗,别烦我1002208134,0
上海浦东机场的这张照片，刷屏了！,江苏徐州,首先对入境人员无论有无发热症状，一律在入境处隔离14天，对诊断出新冠状肺炎患者就地隔离治疗。绝不能让输入患者在国内传播和扩散。否则后果不堪想象…,拽拽201908,0
与疫情赛跑！中国专家组在意大利开工首日全记录,重庆,川军棒棒哒！加油!搞定意大利就平安回家！,HIN杰克,23
与疫情赛跑！中国专家组在意大利开工首日全记录,山东潍坊,一定做好防护，期待你们凯旋而归，加油！,密州东科,6
与疫情赛跑！中国专家组在意大利开工首日全记录,四川成都,意大利外长开会时还不戴口罩，过分啊,OLE125,5
与疫情赛跑！中国专家组在意大利开工首日全记录,广东深圳,感谢英雄们为中意友好所做的一切，爱你们，保护好自己。,oldcat的空间,3
与疫情赛跑！中国专家组在意大利开工首日全记录,江苏南京,希望早日看到成效,uamworld,3
与疫情赛跑！中国专家组在意大利开工首日全记录,北京,健康与爱的使者！[good][good][good][good][good][good] 期待你们全体平安而归。,不太个性化,2
与疫情赛跑！中国专家组在意大利开工首日全记录,重庆,"意方,自己的信念很重要~不要轻言放弃,",侍奉凡人,0
与疫情赛跑！中国专家组在意大利开工首日全记录,北京海淀,祖国人民期盼着你们平安归来！加油！,手机用户3275037590,0
与疫情赛跑！中国专家组在意大利开工首日全记录,四川达州,中国人滴水之恩定当涌泉相报,小妮的先生,0
与疫情赛跑！中国专家组在意大利开工首日全记录,四川成都,滴水之恩，涌泉相报。四川人还是记得汶川地震意大利是欧洲第一个到达的国际救援队，这一次华西医院还人情了,开水投江钱谦益,0
中国科大附一院两名专家赴伊朗协助疫情防控,广东佛山,现代白求恩,汇信教育,2
中国科大附一院两名专家赴伊朗协助疫情防控,山东菏泽,平安归来,不做你的白月光,2
中国科大附一院两名专家赴伊朗协助疫情防控,安徽宣城,人是我们借你，记得完整还回来,用户6469014411,1
中国科大附一院两名专家赴伊朗协助疫情防控,云南红河哈尼族彝族自治州,平安归来[馋嘴],用户6150060804,1
中国科大附一院两名专家赴伊朗协助疫情防控,甘肃临夏回族自治州,中国医疗队出诊世界！,bacherie-M,1
中央指导组派员处理王烁同志因公殉职善后事宜并向家属慰问,湖北黄冈,向英雄致敬默哀！希望国家处理好他的身后事，最大力度的抚恤照顾他的家人！严查交通肇事者,首都退伍军人,398
中央指导组派员处理王烁同志因公殉职善后事宜并向家属慰问,陕西安康,也是烈士。为人民共和国服务牺牲的勇士。,用户6672003971,306
中央指导组派员处理王烁同志因公殉职善后事宜并向家属慰问,广东广州,这个时候，应该人流、车流都很少的时候，居然会发生这种事情。会不会开车啊！！！我滴天啊！！！真是泪奔了！！！,--天空--zzh,241
中央指导组派员处理王烁同志因公殉职善后事宜并向家属慰问,山东枣庄,没倒在救治病人的床前，却倒在车轮下，难以置信让人悲痛，我们的英雄一路走好。,精彩人生1957,61
中央指导组派员处理王烁同志因公殉职善后事宜并向家属慰问,上海,肇事者必须严惩不贷,JasonKittySerro,59
中央指导组派员处理王烁同志因公殉职善后事宜并向家属慰问,山东淄博,必须让肇事司机血债血还！！,九朝布衣,43
中央指导组派员处理王烁同志因公殉职善后事宜并向家属慰问,北京,打败了新冠病毒，没躲过肇事司机。痛惜英年早逝，哀悼抗疫英雄。[蜡烛][蜡烛][蜡烛],点墨制夷,38
中央指导组派员处理王烁同志因公殉职善后事宜并向家属慰问,湖南长沙,在社区街道上开那么快干啥？偶所在的街道，半夜三更经常听到摩托的轰鸣声急驰而过，最讨厌了，国家怎么会允许那种摩托出售呢？消声就不达标。,不会说土家话的土家汉子,36
中央指导组派员处理王烁同志因公殉职善后事宜并向家属慰问,广东广州,英雄一路走好！！,今夜星宇璀璨,29
中央指导组派员处理王烁同志因公殉职善后事宜并向家属慰问,山东济南,一路走好白衣天使🕯🕯🕯,佩琪676826,20
中央指导组派员处理王烁同志因公殉职善后事宜并向家属慰问,浙江绍兴,中央指导组，人性[赞],adwise85,17
中央指导组派员处理王烁同志因公殉职善后事宜并向家属慰问,海南三亚,烈士安息！优先办理后事，善待家属！严厉惩处肇事者。,一只眼看新闻,17
中央指导组派员处理王烁同志因公殉职善后事宜并向家属慰问,湖北武汉,为英雄致敬，一定要找出凶手，严惩不贷！否则怎对得起王朔在天之灵。,汤面杀手,15
中央指导组派员处理王烁同志因公殉职善后事宜并向家属慰问,广东深圳,有木有监控回放,传递正能量99,13
中央指导组派员处理王烁同志因公殉职善后事宜并向家属慰问,湖北武汉,可惜了，一路走好,那山那水那人79113,12
中央指导组派员处理王烁同志因公殉职善后事宜并向家属慰问,广东,痛心，悼念，一路走好王医生,菜鸟级即可,9
中央指导组派员处理王烁同志因公殉职善后事宜并向家属慰问,云南西双版纳傣族自治州,向抗击病毒的逆行者们致敬。,mygirl7758,9
中央指导组派员处理王烁同志因公殉职善后事宜并向家属慰问,河北邢台,世界加油＾０＾~,用户7145331134,5
中央指导组派员处理王烁同志因公殉职善后事宜并向家属慰问,广东广州,严惩不贷醉架,快手网红正义八卦社,5
中央指导组派员处理王烁同志因公殉职善后事宜并向家属慰问,广东汕尾,人流、车流?我们大广州都没有什么车辆。,a120238351,4
中央指导组派员处理王烁同志因公殉职善后事宜并向家属慰问,广西柳州,逝者为人民英雄。但交通肇事者要按交通法规处理，没有其他办法。,流浪海儿2,3
中央指导组派员处理王烁同志因公殉职善后事宜并向家属慰问,四川内江,向烈士致敬！一路走好！严惩肇事者。,用户7413050651,2
中央指导组派员处理王烁同志因公殉职善后事宜并向家属慰问,宁夏银川,真让人心痛！英年早逝“”[鲜花][鲜花][鲜花],用户7387588206,2
中央指导组派员处理王烁同志因公殉职善后事宜并向家属慰问,孙家垄,真的太不幸了，英雄的血没有白流，共和国为你流下了泪。英雄走好，病毒必灭。,想元_46413,0
中央指导组派员处理王烁同志因公殉职善后事宜并向家属慰问,上海,没倒在病人救治的床前，却倒在交通事故中的车轮下，难以置信，让人心痛，我们的抗疫英雄一路走好。,用户6199476127,0
中央指导组派员处理王烁同志因公殉职善后事宜并向家属慰问,丰华苑,致敬！,诺达信果,0
云南新冠肺炎确诊病例清零,山东滨州,厉害了我的大云南,19XXXX66,7
云南新冠肺炎确诊病例清零,广东广州,云南好样的[good],骨病克星经元骨尊,0
人民锐评：刻意隐瞒病情入境不配享有免费治疗,江苏苏州,给唐山市的规定点赞！对这种刻意隐瞒病情的人，不但不免费，还应依规定处罚！,l20060922,1003
人民锐评：刻意隐瞒病情入境不配享有免费治疗,江苏苏州,给唐山市的规定点赞！对这种刻意隐瞒病情的人，不但不免费，还应依规定处罚！,l20060922,1002
人民锐评：刻意隐瞒病情入境不配享有免费治疗,湖北武汉,家人跟着一起坐牢，都不是好东西，跟着隐瞒欺骗,菩提树joan,573
人民锐评：刻意隐瞒病情入境不配享有免费治疗,湖北武汉,家人跟着一起坐牢，都不是好东西，跟着隐瞒欺骗,菩提树joan,573
人民锐评：刻意隐瞒病情入境不配享有免费治疗,广西南宁,那个人就应该关他十年八年,夜散曲不散,556
人民锐评：刻意隐瞒病情入境不配享有免费治疗,广西南宁,那个人就应该关他十年八年,夜散曲不散,556
人民锐评：刻意隐瞒病情入境不配享有免费治疗,北京海淀,还有一个来自英国瑞典日本美国这样不检测国家的人员入境也必须全自费。我们完全没理由替他们的不负责行为买单，,就你也配做公知,98
人民锐评：刻意隐瞒病情入境不配享有免费治疗,北京海淀,还有一个来自英国瑞典日本美国这样不检测国家的人员入境也必须全自费。我们完全没理由替他们的不负责行为买单，,就你也配做公知,98
人民锐评：刻意隐瞒病情入境不配享有免费治疗,内蒙古呼和浩特,对所有境外输入者，如触犯中国刑法，必须要追究刑责。,用户5635386668,69
人民锐评：刻意隐瞒病情入境不配享有免费治疗,内蒙古呼和浩特,对所有境外输入者，如触犯中国刑法，必须要追究刑责。,用户5635386668,69
人民锐评：刻意隐瞒病情入境不配享有免费治疗,山东济南,自费治疗，并且要承担法律后果！,id271,66
人民锐评：刻意隐瞒病情入境不配享有免费治疗,山东济南,自费治疗，并且要承担法律后果！,id271,66
人民锐评：刻意隐瞒病情入境不配享有免费治疗,四川成都,跑回来的新冠肺炎患者都应该自费。,来过-123,57
人民锐评：刻意隐瞒病情入境不配享有免费治疗,四川成都,跑回来的新冠肺炎患者都应该自费。,来过-123,57
人民锐评：刻意隐瞒病情入境不配享有免费治疗,山东临沂,不应该只是治疗费自己买单，还应该赔偿由此造成的直接与间接产生的经济损失！要让他们一次就涨个记性！,一群二手车检测师,47
人民锐评：刻意隐瞒病情入境不配享有免费治疗,山东临沂,不应该只是治疗费自己买单，还应该赔偿由此造成的直接与间接产生的经济损失！要让他们一次就涨个记性！,一群二手车检测师,47
人民锐评：刻意隐瞒病情入境不配享有免费治疗,河南郑州,对刻意隐瞒入境、返境旅行史的人如果他们被确诊感染新冠病毒了，决不能让他们享受免费治疗。,用户7309085067,44
人民锐评：刻意隐瞒病情入境不配享有免费治疗,河南郑州,对刻意隐瞒入境、返境旅行史的人如果他们被确诊感染新冠病毒了，决不能让他们享受免费治疗。,用户7309085067,44
人民锐评：刻意隐瞒病情入境不配享有免费治疗,黑龙江哈尔滨,说的太好了，全国人民坚决拥护！,用户6552718377,42
人民锐评：刻意隐瞒病情入境不配享有免费治疗,黑龙江哈尔滨,说的太好了，全国人民坚决拥护！,用户6552718377,42
人民锐评：刻意隐瞒病情入境不配享有免费治疗,广东东莞,赞成全国推行！,翩翩-紫蝴蝶,40
人民锐评：刻意隐瞒病情入境不配享有免费治疗,广东东莞,赞成全国推行！,翩翩-紫蝴蝶,40
人民锐评：刻意隐瞒病情入境不配享有免费治疗,辽宁抚顺,刻意隐瞒病情入境不但不配享有免费治疗的待遇，还应该视情节治罪！,文王一点成,38
人民锐评：刻意隐瞒病情入境不配享有免费治疗,辽宁抚顺,刻意隐瞒病情入境不但不配享有免费治疗的待遇，还应该视情节治罪！,文王一点成,38
人民锐评：刻意隐瞒病情入境不配享有免费治疗,四川成都,疫情已经席卷全球，中国在外的人员上千万（在国外定居的、工作和做生意），哪怕是一小部分患病人员专门回来享受国家的免费治疗，国家将承担巨额的医疗费用和防疫费用，而这笔费用最终将由国内纳税人承担，这不公平。,大风车的地盘,35
人民锐评：刻意隐瞒病情入境不配享有免费治疗,四川成都,疫情已经席卷全球，中国在外的人员上千万（在国外定居的、工作和做生意），哪怕是一小部分患病人员专门回来享受国家的免费治疗，国家将承担巨额的医疗费用和防疫费用，而这笔费用最终将由国内纳税人承担，这不公平。,大风车的地盘,35
人民锐评：刻意隐瞒病情入境不配享有免费治疗,黑龙江哈尔滨,不但他自己要自费治疗，而且，他传染的患者的治疗费用也应该由他负责；因为和他接触而隔离的人，费用也得由他负责，最后，还得罚款，总而言之，要他倾家荡产，然后坐牢。,laqchen,34
人民锐评：刻意隐瞒病情入境不配享有免费治疗,黑龙江哈尔滨,不但他自己要自费治疗，而且，他传染的患者的治疗费用也应该由他负责；因为和他接触而隔离的人，费用也得由他负责，最后，还得罚款，总而言之，要他倾家荡产，然后坐牢。,laqchen,34
人民锐评：刻意隐瞒病情入境不配享有免费治疗,河南南阳,这样的人不但不能免费治疗。而且要负法律责人。,冯海宽10025,34
人民锐评：刻意隐瞒病情入境不配享有免费治疗,河南南阳,这样的人不但不能免费治疗。而且要负法律责人。,冯海宽10025,34
人民锐评：刻意隐瞒病情入境不配享有免费治疗,黑龙江鸡西,我真不能理解！！国家免费给你治疗啊。你隐瞒什么呢？？？支持自费,用户7343325652,33
人民锐评：刻意隐瞒病情入境不配享有免费治疗,黑龙江鸡西,我真不能理解！！国家免费给你治疗啊。你隐瞒什么呢？？？支持自费,用户7343325652,33
人民锐评：刻意隐瞒病情入境不配享有免费治疗,广西来宾,[赞][赞][赞]，不止自费，还应计算社会成本，进行经济处罚！,春风可渡,32
人民锐评：刻意隐瞒病情入境不配享有免费治疗,广西来宾,[赞][赞][赞]，不止自费，还应计算社会成本，进行经济处罚！,春风可渡,32
人民锐评：刻意隐瞒病情入境不配享有免费治疗,北京,隐瞒病情入境必须自己医疗买单，隐瞒病情入境必须自己法律买单，隐瞒病情入境必须自己道德买单。一定要严惩河南郭某鹏！,尘缘路遥32960,29
人民锐评：刻意隐瞒病情入境不配享有免费治疗,宁夏,强烈支持，并且要追诉损失，哪怕他赔不起。,铠源说说,29
人民锐评：刻意隐瞒病情入境不配享有免费治疗,宁夏,强烈支持，并且要追诉损失，哪怕他赔不起。,铠源说说,29
人民锐评：刻意隐瞒病情入境不配享有免费治疗,北京,隐瞒病情入境必须自己医疗买单，隐瞒病情入境必须自己法律买单，隐瞒病情入境必须自己道德买单。一定要严惩河南郭某鹏！,尘缘路遥32960,29
人民锐评：刻意隐瞒病情入境不配享有免费治疗,天津,早就应该这样，并且全国实施！,用户7403980534,28
人民锐评：刻意隐瞒病情入境不配享有免费治疗,安徽合肥,是的！！！！说的很对！！！！,用户7321818754,28
人民锐评：刻意隐瞒病情入境不配享有免费治疗,天津,早就应该这样，并且全国实施！,用户7403980534,28
人民锐评：刻意隐瞒病情入境不配享有免费治疗,上海,不但自费，还得以故意伤害众人罪论处。,liangxinfaxianbu,28
人民锐评：刻意隐瞒病情入境不配享有免费治疗,安徽合肥,是的！！！！说的很对！！！！,用户7321818754,28
人民锐评：刻意隐瞒病情入境不配享有免费治疗,上海,不但自费，还得以故意伤害众人罪论处。,liangxinfaxianbu,28
人民锐评：刻意隐瞒病情入境不配享有免费治疗,广西,瞒报的人就是病毒的帮凶！必须对其进行刑事、民事严厉追责！！,南山种豆真人,25
人民锐评：刻意隐瞒病情入境不配享有免费治疗,广西,瞒报的人就是病毒的帮凶！必须对其进行刑事、民事严厉追责！！,南山种豆真人,25
人民锐评：刻意隐瞒病情入境不配享有免费治疗,新加坡,我认为中国政府也应该规定，凡是入境的外国游客、持短期入境签证的访客在中国接受新冠肺炎治疗也应当自己付费，而不是由中国政府负担，这体现了医疗资源优先用于照顾国民和纳税人的考虑。同样的，游客和持短期签证入境中国后按照防疫要求安排进行14天的酒店隔离观察，费用也应当自理。这样也可以确保在边境检疫筛查手段之外，有利于劝请一些疫情高发区访客安排行程前要三思，这比简单地限制入境而要好得多。,八月之虎,23
人民锐评：刻意隐瞒病情入境不配享有免费治疗,新加坡,我认为中国政府也应该规定，凡是入境的外国游客、持短期入境签证的访客在中国接受新冠肺炎治疗也应当自己付费，而不是由中国政府负担，这体现了医疗资源优先用于照顾国民和纳税人的考虑。同样的，游客和持短期签证入境中国后按照防疫要求安排进行14天的酒店隔离观察，费用也应当自理。这样也可以确保在边境检疫筛查手段之外，有利于劝请一些疫情高发区访客安排行程前要三思，这比简单地限制入境而要好得多。,八月之虎,23
人民锐评：刻意隐瞒病情入境不配享有免费治疗,吉林长春,我非常支持政府这项决定。对内善意提醒，对外严肃警告。尤其那些抱着侥幸和无视的人，决定是对十四亿人负责。,ciguanglu,23
人民锐评：刻意隐瞒病情入境不配享有免费治疗,吉林长春,我非常支持政府这项决定。对内善意提醒，对外严肃警告。尤其那些抱着侥幸和无视的人，决定是对十四亿人负责。,ciguanglu,23
人民锐评：刻意隐瞒病情入境不配享有免费治疗,广东佛山,按严重危害公共安全罪从重判刑，同时并加经济处罚。另外负责被其传染人员的各项治疗、生活、误工、精神损失等等费用。,陈志华1963,22
人民锐评：刻意隐瞒病情入境不配享有免费治疗,上海,前期回来那几个一样收费、追责,我胜诉律师网,22
人民锐评：刻意隐瞒病情入境不配享有免费治疗,广东佛山,按严重危害公共安全罪从重判刑，同时并加经济处罚。另外负责被其传染人员的各项治疗、生活、误工、精神损失等等费用。,陈志华1963,22
人民锐评：刻意隐瞒病情入境不配享有免费治疗,上海,前期回来那几个一样收费、追责,我胜诉律师网,22
人民锐评：刻意隐瞒病情入境不配享有免费治疗,上海,看标题就一定会给个大大的赞[赞],DJ含笑2013,21
人民锐评：刻意隐瞒病情入境不配享有免费治疗,上海,看标题就一定会给个大大的赞[赞],DJ含笑2013,21
人民锐评：刻意隐瞒病情入境不配享有免费治疗,广西南宁,隐瞒者康复后不但要面临法律惩处，还要承担医疗费，这是必须的，我们纳税人的钱不能浪费在这些人渣身上。,用户7321666883,18
人民锐评：刻意隐瞒病情入境不配享有免费治疗,广西南宁,隐瞒者康复后不但要面临法律惩处，还要承担医疗费，这是必须的，我们纳税人的钱不能浪费在这些人渣身上。,用户7321666883,18
人民锐评：刻意隐瞒病情入境不配享有免费治疗,广东深圳,就算没有隐瞒，也不能免费啊，免费的原则是：中国国籍、在中国交税，不然凭什么呢,祝福世界平安,17
人民锐评：刻意隐瞒病情入境不配享有免费治疗,北京,不但治疗费自担，被他们传染的人员有权起诉他们赔偿！被密接的人员隔离费用也应由他们出！,orlane,17
人民锐评：刻意隐瞒病情入境不配享有免费治疗,新疆克拉玛依,刻意隐瞒形同犯罪,李军10748,17
人民锐评：刻意隐瞒病情入境不配享有免费治疗,北京,不但治疗费自担，被他们传染的人员有权起诉他们赔偿！被密接的人员隔离费用也应由他们出！,orlane,17
人民锐评：刻意隐瞒病情入境不配享有免费治疗,新疆克拉玛依,刻意隐瞒形同犯罪,李军10748,17
人民锐评：刻意隐瞒病情入境不配享有免费治疗,广东深圳,就算没有隐瞒，也不能免费啊，免费的原则是：中国国籍、在中国交税，不然凭什么呢,祝福世界平安,17
人民锐评：刻意隐瞒病情入境不配享有免费治疗,北京,政府早就该提前预料到这个问题！,德强小窝,16
人民锐评：刻意隐瞒病情入境不配享有免费治疗,北京,政府早就该提前预料到这个问题！,德强小窝,16
人民锐评：刻意隐瞒病情入境不配享有免费治疗,山东青岛,刻意隐瞒，导致别人染病，等于蓄意谋杀。严惩不贷。,海风再起58307,13
人民锐评：刻意隐瞒病情入境不配享有免费治疗,辽宁沈阳,这个决定，绝对支持，凭什么免费治疗？,用户7382781845,13
人民锐评：刻意隐瞒病情入境不配享有免费治疗,巨甸古镇,还是太轻。要附连带责任，比如没传染人，可以只取消本人的免费。传染了人，就还得负责他们的医疗，误工与后事。直到破产无能负责。非常时期，行非常之法。,雨打头123,13
人民锐评：刻意隐瞒病情入境不配享有免费治疗,山东青岛,这种人就应该严惩，治疗费自理，还要法律制裁！这是对全国人民负责。没问题，我举双手赞成！,QNDKLK,13
人民锐评：刻意隐瞒病情入境不配享有免费治疗,江西南昌,不紧不给免费治疗，还必须依法依规严惩。,会飞的鱼7410009733,13
人民锐评：刻意隐瞒病情入境不配享有免费治疗,山东青岛,这种人就应该严惩，治疗费自理，还要法律制裁！这是对全国人民负责。没问题，我举双手赞成！,QNDKLK,13
人民锐评：刻意隐瞒病情入境不配享有免费治疗,江西九江,应该加大惩处办度，不只不能免费，而且还要罚款，罚到她破产才够,liucktx,13
人民锐评：刻意隐瞒病情入境不配享有免费治疗,巨甸古镇,还是太轻。要附连带责任，比如没传染人，可以只取消本人的免费。传染了人，就还得负责他们的医疗，误工与后事。直到破产无能负责。非常时期，行非常之法。,雨打头123,13
人民锐评：刻意隐瞒病情入境不配享有免费治疗,辽宁沈阳,这个决定，绝对支持，凭什么免费治疗？,用户7382781845,13
人民锐评：刻意隐瞒病情入境不配享有免费治疗,江西九江,应该加大惩处办度，不只不能免费，而且还要罚款，罚到她破产才够,liucktx,13
人民锐评：刻意隐瞒病情入境不配享有免费治疗,江西南昌,不紧不给免费治疗，还必须依法依规严惩。,会飞的鱼7410009733,13
人民锐评：刻意隐瞒病情入境不配享有免费治疗,山东青岛,刻意隐瞒，导致别人染病，等于蓄意谋杀。严惩不贷。,海风再起58307,13
人民锐评：刻意隐瞒病情入境不配享有免费治疗,陕西西安,对于身在美国、伊朗、意大利、韩国这些医疗资源极度紧张，且得不到医治的我国公民，是否可采用包机方式（费用可议）接回国内治疗？这样既可避免疫情在国内扩散，又可以对我国公民及时救治。,zqxmg,12
人民锐评：刻意隐瞒病情入境不配享有免费治疗,广东东莞,择优劣汰，是一个道理，优者可免费，劣者需自理，多一份不给。,用户6313494881,12
人民锐评：刻意隐瞒病情入境不配享有免费治疗,上海,坚决支持，曙光明明来了，又被境外来的抹黑了，有的明知有病，吃退热药刻意隐瞒，不但医药费应自付，还应承担法律责任，外面那么多跑回来的人，肯定有奔着国内不收费来的吧,用户7394791035,12
人民锐评：刻意隐瞒病情入境不配享有免费治疗,广东东莞,择优劣汰，是一个道理，优者可免费，劣者需自理，多一份不给。,用户6313494881,12
人民锐评：刻意隐瞒病情入境不配享有免费治疗,上海,坚决支持，曙光明明来了，又被境外来的抹黑了，有的明知有病，吃退热药刻意隐瞒，不但医药费应自付，还应承担法律责任，外面那么多跑回来的人，肯定有奔着国内不收费来的吧,用户7394791035,12
人民锐评：刻意隐瞒病情入境不配享有免费治疗,陕西西安,对于身在美国、伊朗、意大利、韩国这些医疗资源极度紧张，且得不到医治的我国公民，是否可采用包机方式（费用可议）接回国内治疗？这样既可避免疫情在国内扩散，又可以对我国公民及时救治。,zqxmg,12
人民锐评：刻意隐瞒病情入境不配享有免费治疗,天津,对这种刻意隐瞒病情的人治疗应当加倍收费，对非中国籍的华人和外国人都应当实行收费治疗或有偿服务。,手机用户1063623261,12
人民锐评：刻意隐瞒病情入境不配享有免费治疗,天津,对这种刻意隐瞒病情的人治疗应当加倍收费，对非中国籍的华人和外国人都应当实行收费治疗或有偿服务。,手机用户1063623261,12
人民锐评：刻意隐瞒病情入境不配享有免费治疗,黑龙江鹤岗,干的漂亮,童巍tw,11
人民锐评：刻意隐瞒病情入境不配享有免费治疗,广东肇庆,我更希望以危害公共安全罪来处罚，最好是枪决,用户7196906214,11
人民锐评：刻意隐瞒病情入境不配享有免费治疗,河北保定,不能全靠自觉，要靠制度和手段，从根本上杜绝漏洞,石清如意,11
人民锐评：刻意隐瞒病情入境不配享有免费治疗,黑龙江鹤岗,干的漂亮,童巍tw,11
人民锐评：刻意隐瞒病情入境不配享有免费治疗,河南漯河,像郭某鹏之流如果享受免费治疗有失公平，应该自我承担治疗费用，这些人心太肮脏了,笑看云岚,11
人民锐评：刻意隐瞒病情入境不配享有免费治疗,广东肇庆,我更希望以危害公共安全罪来处罚，最好是枪决,用户7196906214,11
人民锐评：刻意隐瞒病情入境不配享有免费治疗,河南漯河,像郭某鹏之流如果享受免费治疗有失公平，应该自我承担治疗费用，这些人心太肮脏了,笑看云岚,11
人民锐评：刻意隐瞒病情入境不配享有免费治疗,河北保定,不能全靠自觉，要靠制度和手段，从根本上杜绝漏洞,石清如意,11
人民锐评：刻意隐瞒病情入境不配享有免费治疗,贵州贵阳,"郑州确诊患者郭某鹏刻意隐瞒出境行程，危害巨大,造成重大社会损失，应该判刑坐牢并赔偿经济损失，子子孙孙赔下去，必须要对付出重大代价的国家和人民有个交代！！！",米篮家钩子,10
人民锐评：刻意隐瞒病情入境不配享有免费治疗,贵州贵阳,"郑州确诊患者郭某鹏刻意隐瞒出境行程，危害巨大,造成重大社会损失，应该判刑坐牢并赔偿经济损失，子子孙孙赔下去，必须要对付出重大代价的国家和人民有个交代！！！",米篮家钩子,10
人民锐评：刻意隐瞒病情入境不配享有免费治疗,上海,早该如此。对已在国外就业，再带病专程回国治疗的，一律视为白眼狼，如何医治白眼狼，应该制定个政策！,用户9577927353,10
人民锐评：刻意隐瞒病情入境不配享有免费治疗,广东深圳,按照造成的损失量刑，死刑不为过！,mxs10,10
人民锐评：刻意隐瞒病情入境不配享有免费治疗,湖北宜昌,硬核，干得漂亮！国家给你免费治疗，那你该履行公民如实报告的义务，否则就是危害公共安全，应当法律伺候！,用户7392551645,10
人民锐评：刻意隐瞒病情入境不配享有免费治疗,湖北宜昌,硬核，干得漂亮！国家给你免费治疗，那你该履行公民如实报告的义务，否则就是危害公共安全，应当法律伺候！,用户7392551645,10
人民锐评：刻意隐瞒病情入境不配享有免费治疗,重庆,依据目前国外的形式，有必要对所有来华（返华）人员隔离观察14天，以保住来之不易抗疫成果。,大牛1971,10
人民锐评：刻意隐瞒病情入境不配享有免费治疗,重庆,依据目前国外的形式，有必要对所有来华（返华）人员隔离观察14天，以保住来之不易抗疫成果。,大牛1971,10
人民锐评：刻意隐瞒病情入境不配享有免费治疗,上海,早该如此。对已在国外就业，再带病专程回国治疗的，一律视为白眼狼，如何医治白眼狼，应该制定个政策！,用户9577927353,10
人民锐评：刻意隐瞒病情入境不配享有免费治疗,广东深圳,按照造成的损失量刑，死刑不为过！,mxs10,10
人民锐评：刻意隐瞒病情入境不配享有免费治疗,甘肃兰州,对这些毫无廉耻，没有道德底线的人就应该不给予治疗，在监狱自生自灭,LZ天意1,9
人民锐评：刻意隐瞒病情入境不配享有免费治疗,广东深圳,还应该判刑,旅行中的泰迪熊,9
人民锐评：刻意隐瞒病情入境不配享有免费治疗,广东深圳,还应该判刑,旅行中的泰迪熊,9
人民锐评：刻意隐瞒病情入境不配享有免费治疗,河南南阳,严重支持,绿枝红叶黄花,9
人民锐评：刻意隐瞒病情入境不配享有免费治疗,河南南阳,严重支持,绿枝红叶黄花,9
人民锐评：刻意隐瞒病情入境不配享有免费治疗,甘肃兰州,对这些毫无廉耻，没有道德底线的人就应该不给予治疗，在监狱自生自灭,LZ天意1,9
人民锐评：刻意隐瞒病情入境不配享有免费治疗,浙江宁波,不管有没有隐瞒都不能免费。,一宁波人_489,9
人民锐评：刻意隐瞒病情入境不配享有免费治疗,浙江宁波,不管有没有隐瞒都不能免费。,一宁波人_489,9
人民锐评：刻意隐瞒病情入境不配享有免费治疗,陕西西安,不但不能享受免费的医疗还应该罚款，最重要的是别把判刑的事儿忘了,自由的心300,8
人民锐评：刻意隐瞒病情入境不配享有免费治疗,陕西西安,不但不能享受免费的医疗还应该罚款，最重要的是别把判刑的事儿忘了,自由的心300,8
人民锐评：刻意隐瞒病情入境不配享有免费治疗,江苏南京,而且支持被其传染的人对其发起诉讼,nileping,8
人民锐评：刻意隐瞒病情入境不配享有免费治疗,江苏南京,而且支持被其传染的人对其发起诉讼,nileping,8
人民锐评：刻意隐瞒病情入境不配享有免费治疗,北京,这是我最喜欢看到的新闻！,深秋的深林,8
人民锐评：刻意隐瞒病情入境不配享有免费治疗,甘肃兰州,支持支持，强烈支持！面对没有社会责任感，没有感恩之心的人就应该这样，而且防止他人效仿。,渴望阳光的一只蜗牛,8
人民锐评：刻意隐瞒病情入境不配享有免费治疗,甘肃兰州,支持支持，强烈支持！面对没有社会责任感，没有感恩之心的人就应该这样，而且防止他人效仿。,渴望阳光的一只蜗牛,8
人民锐评：刻意隐瞒病情入境不配享有免费治疗,北京,这是我最喜欢看到的新闻！,深秋的深林,8
人民锐评：刻意隐瞒病情入境不配享有免费治疗,浙江杭州,对付这种人就应该这样,GuanMeoDiZi,7
人民锐评：刻意隐瞒病情入境不配享有免费治疗,北京,纵有一万个理由必须回国（不知道还是中国籍吗），隐瞒行程都是非常恶劣的危害公共安全的行为，除去自付医疗费用外，必须处以严厉惩罚，包括徒刑和给与被其连带而隔离、传染、耽误工作等人员损失的赔偿。不然不足以警示后续者。,mb78511203,7
人民锐评：刻意隐瞒病情入境不配享有免费治疗,河南周口,支持国家的决定，刻意隐瞒不怀好意，这样的人确实不配，不仅不配免费治疗，自费都不配，自生自灭最合适,孙诺1986,7
人民锐评：刻意隐瞒病情入境不配享有免费治疗,湖北武汉,不如实报告，医疗费自理。触犯法律要重判！,阳先全_999,7
人民锐评：刻意隐瞒病情入境不配享有免费治疗,北京,纵有一万个理由必须回国（不知道还是中国籍吗），隐瞒行程都是非常恶劣的危害公共安全的行为，除去自付医疗费用外，必须处以严厉惩罚，包括徒刑和给与被其连带而隔离、传染、耽误工作等人员损失的赔偿。不然不足以警示后续者。,mb78511203,7
人民锐评：刻意隐瞒病情入境不配享有免费治疗,浙江杭州,对付这种人就应该这样,GuanMeoDiZi,7
人民锐评：刻意隐瞒病情入境不配享有免费治疗,北京,被他们连累的接触者的损失也应该要他们赔偿,用户6555901423,7
人民锐评：刻意隐瞒病情入境不配享有免费治疗,湖北武汉,太仁慈了，不必治疗，直接关进隔离间，接受法律制裁！,hanxg_china,7
人民锐评：刻意隐瞒病情入境不配享有免费治疗,北京,应该将这种人列入失信名单，锁定10年处罚。同时，应该对这种人提高违法处罚动态比例。表现好了，再降下来。,幸运星和守护星,7
人民锐评：刻意隐瞒病情入境不配享有免费治疗,北京,被他们连累的接触者的损失也应该要他们赔偿,用户6555901423,7
人民锐评：刻意隐瞒病情入境不配享有免费治疗,北京,应该将这种人列入失信名单，锁定10年处罚。同时，应该对这种人提高违法处罚动态比例。表现好了，再降下来。,幸运星和守护星,7
人民锐评：刻意隐瞒病情入境不配享有免费治疗,湖北武汉,不如实报告，医疗费自理。触犯法律要重判！,阳先全_999,7
人民锐评：刻意隐瞒病情入境不配享有免费治疗,湖北武汉,太仁慈了，不必治疗，直接关进隔离间，接受法律制裁！,hanxg_china,7
人民锐评：刻意隐瞒病情入境不配享有免费治疗,河南周口,支持国家的决定，刻意隐瞒不怀好意，这样的人确实不配，不仅不配免费治疗，自费都不配，自生自灭最合适,孙诺1986,7
人民锐评：刻意隐瞒病情入境不配享有免费治疗,江苏南京,输入风险越来越大，不限制流动总得加强检测和隔离吧？都靠个人自觉，那是远远不够的。,uamworld,6
人民锐评：刻意隐瞒病情入境不配享有免费治疗,江苏连云港,现在各省都复工，也快复学了，有些境外来的人不自觉隔离，带来隐患，一定要管控好境外输入人员,用户5590817055,6
人民锐评：刻意隐瞒病情入境不配享有免费治疗,江苏南京,输入风险越来越大，不限制流动总得加强检测和隔离吧？都靠个人自觉，那是远远不够的。,uamworld,6
人民锐评：刻意隐瞒病情入境不配享有免费治疗,山东青岛,对这种没有道德底线的人就应该坚决追究法律责任！所有费用自费！,thuzhupo,6
人民锐评：刻意隐瞒病情入境不配享有免费治疗,山东泰安,还给免费治疗？想的美，必须判刑，这给那些密切接触者带来多少麻烦和损失，最小的损失也要付出14天的隔离时间，,miaodifu,6
人民锐评：刻意隐瞒病情入境不配享有免费治疗,河南商丘,让他赔偿经济损失，让他一辈子都在还债中度过，只有这样才能让那些人自觉。,百笑70522,6
人民锐评：刻意隐瞒病情入境不配享有免费治疗,河南商丘,让他赔偿经济损失，让他一辈子都在还债中度过，只有这样才能让那些人自觉。,百笑70522,6
人民锐评：刻意隐瞒病情入境不配享有免费治疗,山东青岛,对这种没有道德底线的人就应该坚决追究法律责任！所有费用自费！,thuzhupo,6
人民锐评：刻意隐瞒病情入境不配享有免费治疗,山东泰安,还给免费治疗？想的美，必须判刑，这给那些密切接触者带来多少麻烦和损失，最小的损失也要付出14天的隔离时间，,miaodifu,6
人民锐评：刻意隐瞒病情入境不配享有免费治疗,江苏连云港,现在各省都复工，也快复学了，有些境外来的人不自觉隔离，带来隐患，一定要管控好境外输入人员,用户5590817055,6
人民锐评：刻意隐瞒病情入境不配享有免费治疗,北京,瞒报后，全家出现问题都要自费！看他们还敢不敢瞒报！没有纳税证明的也要自费,pinky_欣,5
人民锐评：刻意隐瞒病情入境不配享有免费治疗,重庆,我赞成这样的做法，对刻意隐瞒病情入境，不但不应该免费，还要追究法律责任。,用户7321378090,5
人民锐评：刻意隐瞒病情入境不配享有免费治疗,浙江金华,规定很好，必须严惩！而且应该刑拘，费用个人承担执行比较困难，因为这些人往往是没有文化没有知识没有钱的人多数，再说也不能因为他没有钱国家就不给他治疗吧，否则危害更加大了。,歌诗图整木定制,5
人民锐评：刻意隐瞒病情入境不配享有免费治疗,广西柳州,"唐山市的这个规定,我举两手两脚赞成,国家建设不见你,自己倒霉求国家了,还要瞒报,一切后果自己承担[哼][哼][哼]",Q歌人生98854,5
人民锐评：刻意隐瞒病情入境不配享有免费治疗,北京,瞒报后，全家出现问题都要自费！看他们还敢不敢瞒报！没有纳税证明的也要自费,pinky_欣,5
人民锐评：刻意隐瞒病情入境不配享有免费治疗,重庆,对于故意隐瞒的，不但不给报销医药费，还需要处以高额罚金，并追究刑事责任！！,开心快乐黄大仙,5
人民锐评：刻意隐瞒病情入境不配享有免费治疗,上海,相关人员隔离费误工费等等都由刻意隐瞒病情者出钱！,到此一游2012,5
人民锐评：刻意隐瞒病情入境不配享有免费治疗,上海,刻意隐瞒害人害己，占用了大量公共资源，侵害了无辜患者的权益，除了追究法律责任以外，医疗费用自负，何来苛刻的说法？？不但他们自己的费用自负，被他们连带到的接触者医疗费用也应该他们付！,时间有力量,5
人民锐评：刻意隐瞒病情入境不配享有免费治疗,重庆,对于故意隐瞒的，不但不给报销医药费，还需要处以高额罚金，并追究刑事责任！！,开心快乐黄大仙,5
人民锐评：刻意隐瞒病情入境不配享有免费治疗,陕西西安,唐山的做法应在全国执行。,用户7188421374,5
人民锐评：刻意隐瞒病情入境不配享有免费治疗,陕西西安,唐山的做法应在全国执行。,用户7188421374,5
人民锐评：刻意隐瞒病情入境不配享有免费治疗,重庆,我赞成这样的做法，对刻意隐瞒病情入境，不但不应该免费，还要追究法律责任。,用户7321378090,5
人民锐评：刻意隐瞒病情入境不配享有免费治疗,浙江金华,规定很好，必须严惩！而且应该刑拘，费用个人承担执行比较困难，因为这些人往往是没有文化没有知识没有钱的人多数，再说也不能因为他没有钱国家就不给他治疗吧，否则危害更加大了。,歌诗图整木定制,5
人民锐评：刻意隐瞒病情入境不配享有免费治疗,山东青岛,值得推广，不仅要追究法律责任，也要追偿经济损失。才能警戒不自觉的人,晴空万里啊0,5
人民锐评：刻意隐瞒病情入境不配享有免费治疗,广西柳州,"唐山市的这个规定,我举两手两脚赞成,国家建设不见你,自己倒霉求国家了,还要瞒报,一切后果自己承担[哼][哼][哼]",Q歌人生98854,5
人民锐评：刻意隐瞒病情入境不配享有免费治疗,上海,相关人员隔离费误工费等等都由刻意隐瞒病情者出钱！,到此一游2012,5
人民锐评：刻意隐瞒病情入境不配享有免费治疗,山东青岛,值得推广，不仅要追究法律责任，也要追偿经济损失。才能警戒不自觉的人,晴空万里啊0,5
人民锐评：刻意隐瞒病情入境不配享有免费治疗,上海,刻意隐瞒害人害己，占用了大量公共资源，侵害了无辜患者的权益，除了追究法律责任以外，医疗费用自负，何来苛刻的说法？？不但他们自己的费用自负，被他们连带到的接触者医疗费用也应该他们付！,时间有力量,5
人民锐评：刻意隐瞒病情入境不配享有免费治疗,上海,不单只不免费，还要巨额赔偿经济损失,用户7315485278,4
人民锐评：刻意隐瞒病情入境不配享有免费治疗,福建福州,干的漂亮,ljh19691006,4
人民锐评：刻意隐瞒病情入境不配享有免费治疗,辽宁大连,为人民的利益，我们有权对他等说不！,英子,4
人民锐评：刻意隐瞒病情入境不配享有免费治疗,浙江绍兴,像郑州郭什么伟什么鹏这样的人，必须严惩！牵连多少无辜人和企业。,黍粟栗,4
人民锐评：刻意隐瞒病情入境不配享有免费治疗,浙江杭州,很好！就是要这样态度鲜明！,急流勇进838_430,4
人民锐评：刻意隐瞒病情入境不配享有免费治疗,江苏徐州,这样的规定大快人心。对这种刻意隐瞒病情的人，不但不免费治疗，还需要按照由他所引起的连锁损失进行处罚，让他不仅在经济上自掏腰包，而且在法律上也要按照规定进行严惩！,用户5409425402,4
人民锐评：刻意隐瞒病情入境不配享有免费治疗,广东广州,墙裂支持,恆星在高處,4
人民锐评：刻意隐瞒病情入境不配享有免费治疗,吉林长春,而且因为这个人被传染的病人，医疗费用全应该这个人负责？,fhn太阳花,4
人民锐评：刻意隐瞒病情入境不配享有免费治疗,四川成都,支持全国对外来入境人员隐瞒不报自费并受法律追责[赞][赞],亮剑之心,4
人民锐评：刻意隐瞒病情入境不配享有免费治疗,福建福州,干的漂亮,ljh19691006,4
人民锐评：刻意隐瞒病情入境不配享有免费治疗,四川成都,支持全国对外来入境人员隐瞒不报自费并受法律追责[赞][赞],亮剑之心,4
人民锐评：刻意隐瞒病情入境不配享有免费治疗,浙江绍兴,像郑州郭什么伟什么鹏这样的人，必须严惩！牵连多少无辜人和企业。,黍粟栗,4
人民锐评：刻意隐瞒病情入境不配享有免费治疗,吉林长春,而且因为这个人被传染的病人，医疗费用全应该这个人负责？,fhn太阳花,4
人民锐评：刻意隐瞒病情入境不配享有免费治疗,江苏徐州,这样的规定大快人心。对这种刻意隐瞒病情的人，不但不免费治疗，还需要按照由他所引起的连锁损失进行处罚，让他不仅在经济上自掏腰包，而且在法律上也要按照规定进行严惩！,用户5409425402,4
人民锐评：刻意隐瞒病情入境不配享有免费治疗,广东广州,墙裂支持,恆星在高處,4
人民锐评：刻意隐瞒病情入境不配享有免费治疗,辽宁大连,为人民的利益，我们有权对他等说不！,英子,4
人民锐评：刻意隐瞒病情入境不配享有免费治疗,浙江杭州,很好！就是要这样态度鲜明！,急流勇进838_430,4
人民锐评：刻意隐瞒病情入境不配享有免费治疗,上海,不单只不免费，还要巨额赔偿经济损失,用户7315485278,4
人民锐评：刻意隐瞒病情入境不配享有免费治疗,江苏苏州,支持,期待更美好2014,3
人民锐评：刻意隐瞒病情入境不配享有免费治疗,四川成都,这个   表示欢迎,用户6450853673,3
人民锐评：刻意隐瞒病情入境不配享有免费治疗,辽宁营口,这就是犯罪，无异于故意伤害。,小不点儿的地方,3
人民锐评：刻意隐瞒病情入境不配享有免费治疗,江苏苏州,支持,期待更美好2014,3
人民锐评：刻意隐瞒病情入境不配享有免费治疗,江西南昌,隐瞒病情治疗费自担，合情合理，是否合法尚存争议。对此，我发表个人看法：首先免费治疗是国家给予的豁免费治疗，对境外回国隐瞒病情定性为违法，追究法律责任；其次，对有医保人员可按标准报销，无医保人员自费，国家不给予豁免，这合法。,用户7413108635,3
人民锐评：刻意隐瞒病情入境不配享有免费治疗,湖北武汉,相关部门在管理上又出现滞后。不要再重犯武汉初期的那种教训了。国外大规模爆发已经多天了，国家管理部门不是民众个体，应该有超前意识及时出台对境外归来人员制定分类管控、治疗行政或法律规定。针对疫情状况轻重不同的国家规定统一的入境、检测、隔离办法，对什么样的人群可以享受免费治疗，比如受国家指派援外的等符合中国居民身份等类似人群。哪些不能享受免费治疗，比如拿到绿卡的、在国内没有办理医保且未缴过费用的、故意隐瞒病史的等这类情况。同时出台临时刑事法规对故意隐瞒、传播、逃逸病情真相的刑事处罚条例。不要等到让各地方政府都想到了国家层面还没有意识到这种问题，太没面子了。,都市风铃-,3
人民锐评：刻意隐瞒病情入境不配享有免费治疗,辽宁抚顺,刻意隐瞒病情入境不但不配享有免费治疗的待遇，还应该治罪！,文王一点成,3
人民锐评：刻意隐瞒病情入境不配享有免费治疗,贵州贵阳,"郑州确诊患者郭某鹏刻意隐瞒出境行程，危害巨大,造成重大社会损失，应该枪毙，杀一儆百，家人跟着隐瞒欺骗，应该判刑坐牢并赔偿经济损失，子子孙孙赔下去，必须要对付出重大代价的国家和人民有个交代！！！",米篮家钩子,3
人民锐评：刻意隐瞒病情入境不配享有免费治疗,广西南宁,太漂亮了，严重支持！,用户6735006554,3
人民锐评：刻意隐瞒病情入境不配享有免费治疗,天津,就像酒驾事故保险不给报销一样，刻意隐瞒也理应如此，而且不能在医保等各种保险报销范围,杨家坪,3
人民锐评：刻意隐瞒病情入境不配享有免费治疗,湖北武汉,没在中国办医保的应该都不享有免费吧？你在国外交税怎么能在国内免税？,自觉纳税的人,3
人民锐评：刻意隐瞒病情入境不配享有免费治疗,湖北武汉,相关部门在管理上又出现滞后。不要再重犯武汉初期的那种教训了。国外大规模爆发已经多天了，国家管理部门不是民众个体，应该有超前意识及时出台对境外归来人员制定分类管控、治疗行政或法律规定。针对疫情状况轻重不同的国家规定统一的入境、检测、隔离办法，对什么样的人群可以享受免费治疗，比如受国家指派援外的等符合中国居民身份等类似人群。哪些不能享受免费治疗，比如拿到绿卡的、在国内没有办理医保且未缴过费用的、故意隐瞒病史的等这类情况。同时出台临时刑事法规对故意隐瞒、传播、逃逸病情真相的刑事处罚条例。不要等到让各地方政府都想到了国家层面还没有意识到这种问题，太没面子了。,都市风铃-,3
人民锐评：刻意隐瞒病情入境不配享有免费治疗,辽宁营口,这就是犯罪，无异于故意伤害。,小不点儿的地方,3
人民锐评：刻意隐瞒病情入境不配享有免费治疗,贵州贵阳,"郑州确诊患者郭某鹏刻意隐瞒出境行程，危害巨大,造成重大社会损失，应该枪毙，杀一儆百，家人跟着隐瞒欺骗，应该判刑坐牢并赔偿经济损失，子子孙孙赔下去，必须要对付出重大代价的国家和人民有个交代！！！",米篮家钩子,3
人民锐评：刻意隐瞒病情入境不配享有免费治疗,江西南昌,隐瞒病情治疗费自担，合情合理，是否合法尚存争议。对此，我发表个人看法：首先免费治疗是国家给予的豁免费治疗，对境外回国隐瞒病情定性为违法，追究法律责任；其次，对有医保人员可按标准报销，无医保人员自费，国家不给予豁免，这合法。,用户7413108635,3
人民锐评：刻意隐瞒病情入境不配享有免费治疗,上海,北京的办法更好，没参加医保的原则上自理。,沪神州,3
人民锐评：刻意隐瞒病情入境不配享有免费治疗,天津,就像酒驾事故保险不给报销一样，刻意隐瞒也理应如此，而且不能在医保等各种保险报销范围,杨家坪,3
人民锐评：刻意隐瞒病情入境不配享有免费治疗,辽宁抚顺,刻意隐瞒病情入境不但不配享有免费治疗的待遇，还应该治罪！,文王一点成,3
人民锐评：刻意隐瞒病情入境不配享有免费治疗,湖北武汉,没在中国办医保的应该都不享有免费吧？你在国外交税怎么能在国内免税？,自觉纳税的人,3
人民锐评：刻意隐瞒病情入境不配享有免费治疗,广西南宁,太漂亮了，严重支持！,用户6735006554,3
人民锐评：刻意隐瞒病情入境不配享有免费治疗,上海,北京的办法更好，没参加医保的原则上自理。,沪神州,3
人民锐评：刻意隐瞒病情入境不配享有免费治疗,四川成都,这个   表示欢迎,用户6450853673,3
人民锐评：刻意隐瞒病情入境不配享有免费治疗,山东滨州,接地气！,19XXXX66,2
人民锐评：刻意隐瞒病情入境不配享有免费治疗,浙江杭州,外国户籍的适当收费也合理,吖姐路,2
人民锐评：刻意隐瞒病情入境不配享有免费治疗,上海,"一马归一马,他本人治疗还是要免费的,但是由此造成的社会损失要承担,比如其他人被传染了或则隔离的费用都需要他承担,,他不仁,国家不能不义,比如河南王炸要赔偿3万人隔离的费用",小葱啊,2
人民锐评：刻意隐瞒病情入境不配享有免费治疗,上海,瞒报与悄悄投毒性质一样严重，应该惩治！,说完就走0963_246,2
人民锐评：刻意隐瞒病情入境不配享有免费治疗,北京,隐瞒就是失信！失信者要收到法律制裁！,黑豆看世界,2
人民锐评：刻意隐瞒病情入境不配享有免费治疗,河北承德,就应该这样,闲坐窗前看云舒,2
人民锐评：刻意隐瞒病情入境不配享有免费治疗,北京,隐瞒就是失信！失信者要收到法律制裁！,黑豆看世界,2
人民锐评：刻意隐瞒病情入境不配享有免费治疗,四川遂宁,应该以故意杀人罪判处！,中国梦想_82856,2
人民锐评：刻意隐瞒病情入境不配享有免费治疗,广西贺州,连《人民日报》都发话了，看来十有八九会向全国推广了,云仔的博,2
人民锐评：刻意隐瞒病情入境不配享有免费治疗,陕西西安,刻意隐瞒，如果传播给他人，那么被传染者受到的精神及财务损失，是否可以对他进行民事追责？是否可以要求赔偿？,试想从前,2
人民锐评：刻意隐瞒病情入境不配享有免费治疗,贵州贵阳,不是不配，人权问题，应该在医治痊愈后判刑判他一个死缓延期执行,用户5804239197,2
人民锐评：刻意隐瞒病情入境不配享有免费治疗,上海,瞒报与悄悄投毒性质一样严重，应该惩治！,说完就走0963_246,2
人民锐评：刻意隐瞒病情入境不配享有免费治疗,江西南昌,要赏罚分明,用户6117772600,2
人民锐评：刻意隐瞒病情入境不配享有免费治疗,河北承德,就应该这样,闲坐窗前看云舒,2
人民锐评：刻意隐瞒病情入境不配享有免费治疗,山东滨州,接地气！,19XXXX66,2
人民锐评：刻意隐瞒病情入境不配享有免费治疗,上海,"一马归一马,他本人治疗还是要免费的,但是由此造成的社会损失要承担,比如其他人被传染了或则隔离的费用都需要他承担,,他不仁,国家不能不义,比如河南王炸要赔偿3万人隔离的费用",小葱啊,2
人民锐评：刻意隐瞒病情入境不配享有免费治疗,陕西西安,刻意隐瞒，如果传播给他人，那么被传染者受到的精神及财务损失，是否可以对他进行民事追责？是否可以要求赔偿？,试想从前,2
人民锐评：刻意隐瞒病情入境不配享有免费治疗,上海,不享有免费治疗外，隐滿病情者应该入罪,wgy62331728,2
人民锐评：刻意隐瞒病情入境不配享有免费治疗,山东东营,支持隐瞒着买单的做法！！！,文明校园在我行,2
人民锐评：刻意隐瞒病情入境不配享有免费治疗,河北唐山,这样的传染给别人还要赔偿,深海1208192645_868,2
人民锐评：刻意隐瞒病情入境不配享有免费治疗,江苏南京,就该如此！！,水易飞扬,2
人民锐评：刻意隐瞒病情入境不配享有免费治疗,浙江杭州,外国户籍的适当收费也合理,吖姐路,2
人民锐评：刻意隐瞒病情入境不配享有免费治疗,上海,不享有免费治疗外，隐滿病情者应该入罪,wgy62331728,2
人民锐评：刻意隐瞒病情入境不配享有免费治疗,江苏南京,隐瞒就有罪！必须明确,uamworld,2
人民锐评：刻意隐瞒病情入境不配享有免费治疗,广东,对刻意隐瞒，破坏抗疫大局的人，建议不用治了，直接人道毁灭,菜鸟级即可,2
人民锐评：刻意隐瞒病情入境不配享有免费治疗,广西贺州,连《人民日报》都发话了，看来十有八九会向全国推广了,云仔的博,2
人民锐评：刻意隐瞒病情入境不配享有免费治疗,江苏南京,隐瞒就有罪！必须明确,uamworld,2
人民锐评：刻意隐瞒病情入境不配享有免费治疗,江苏南京,就该如此！！,水易飞扬,2
人民锐评：刻意隐瞒病情入境不配享有免费治疗,四川遂宁,应该以故意杀人罪判处！,中国梦想_82856,2
人民锐评：刻意隐瞒病情入境不配享有免费治疗,山东东营,支持隐瞒着买单的做法！！！,文明校园在我行,2
人民锐评：刻意隐瞒病情入境不配享有免费治疗,贵州贵阳,不是不配，人权问题，应该在医治痊愈后判刑判他一个死缓延期执行,用户5804239197,2
人民锐评：刻意隐瞒病情入境不配享有免费治疗,江西南昌,要赏罚分明,用户6117772600,2
人民锐评：刻意隐瞒病情入境不配享有免费治疗,广东,对刻意隐瞒，破坏抗疫大局的人，建议不用治了，直接人道毁灭,菜鸟级即可,2
人民锐评：刻意隐瞒病情入境不配享有免费治疗,河北唐山,这样的传染给别人还要赔偿,深海1208192645_868,2
人民锐评：刻意隐瞒病情入境不配享有免费治疗,江西吉安,早就该有！,交易员老邓,1
人民锐评：刻意隐瞒病情入境不配享有免费治疗,江西吉安,早就该有！,交易员老邓,1
人民锐评：刻意隐瞒病情入境不配享有免费治疗,天津,恶意隐瞒病情入境就是全中国人民的敌人，对待敌人要像严冬一样残酷无情！,用户7383959052,1
人民锐评：刻意隐瞒病情入境不配享有免费治疗,广东佛山,不枪毙就已经算是仁慈了。。。,中意钓鱼的猫,1
人民锐评：刻意隐瞒病情入境不配享有免费治疗,广东佛山,不枪毙就已经算是仁慈了。。。,中意钓鱼的猫,1
人民锐评：刻意隐瞒病情入境不配享有免费治疗,天津,恶意隐瞒病情入境就是全中国人民的敌人，对待敌人要像严冬一样残酷无情！,用户7383959052,1
人民锐评：刻意隐瞒病情入境不配享有免费治疗,江苏徐州,还有明白人！！,心想石成2019,1
人民锐评：刻意隐瞒病情入境不配享有免费治疗,广东深圳,应该是瞒报后造成的附加损失，比如：密切接触者感染发病引起的开销。而他/她个人只要缴纳过社保，就理应享受医疗保险。,SZ_YLY,1
人民锐评：刻意隐瞒病情入境不配享有免费治疗,江苏徐州,还有明白人！！,心想石成2019,1
人民锐评：刻意隐瞒病情入境不配享有免费治疗,广东深圳,应该是瞒报后造成的附加损失，比如：密切接触者感染发病引起的开销。而他/她个人只要缴纳过社保，就理应享受医疗保险。,SZ_YLY,1
人民锐评：刻意隐瞒病情入境不配享有免费治疗,陕西西安,对于身在美国、伊朗、意大利、韩国这些医疗资源极度紧张，且得不到医治的我国公民，是否可采用包机方式（费用可议）接回国内治疗？这样既可避免疫情在国内扩散，又可以对我国公民及时救治。充分体现国家对公民的关心和社会主义制度的优越性。,zqxmg,0
人民锐评：刻意隐瞒病情入境不配享有免费治疗,重庆,这样，就怕有部分人走极端，不去治更危险,浔路陈桥,0
人民锐评：刻意隐瞒病情入境不配享有免费治疗,北京,支持这个观点和措施！,海淀区大海大叔,0
人民锐评：刻意隐瞒病情入境不配享有免费治疗,重庆,这样，就怕有部分人走极端，不去治更危险,浔路陈桥,0
人民锐评：刻意隐瞒病情入境不配享有免费治疗,四川成都,公共卫生领域的事情，别意气用事。上万个重症治疗的钱都花了，这样省不了几个钱，搞不好还会造成严重后果。比方说我要是国外偷偷回来带病的，被你这样给吓着了，要么就发病了也不上报，赌自己能自愈，顺便传染几个。或者更心黑一点，故意传染周围几个老头，等他们进了重症监护，再一口咬定说自己是被他们传染的，反正打死不承认自己先得病。,冬天潜水夏天滑雪,0
人民锐评：刻意隐瞒病情入境不配享有免费治疗,贵州遵义,完全赞同,发现遵义,0
人民锐评：刻意隐瞒病情入境不配享有免费治疗,贵州遵义,赞同,发现遵义,0
人民锐评：刻意隐瞒病情入境不配享有免费治疗,陕西西安,对于身在美国、伊朗、意大利、韩国这些医疗资源极度紧张，且得不到医治的我国公民，是否可采用包机方式（费用可议）接回国内治疗？这样既可避免疫情在国内扩散，又可以对我国公民及时救治。充分体现国家对公民的关心和社会主义制度的优越性。,zqxmg,0
人民锐评：刻意隐瞒病情入境不配享有免费治疗,北京,支持这个观点和措施！,海淀区大海大叔,0
人民锐评：刻意隐瞒病情入境不配享有免费治疗,贵州遵义,赞同,发现遵义,0
人民锐评：刻意隐瞒病情入境不配享有免费治疗,四川成都,公共卫生领域的事情，别意气用事。上万个重症治疗的钱都花了，这样省不了几个钱，搞不好还会造成严重后果。比方说我要是国外偷偷回来带病的，被你这样给吓着了，要么就发病了也不上报，赌自己能自愈，顺便传染几个。或者更心黑一点，故意传染周围几个老头，等他们进了重症监护，再一口咬定说自己是被他们传染的，反正打死不承认自己先得病。,冬天潜水夏天滑雪,0
人民锐评：刻意隐瞒病情入境不配享有免费治疗,贵州遵义,完全赞同,发现遵义,0
企业防疫物资被盗 天津警方20小时破案,美国加利福尼亚州,重判！,低头埋地雷,0
入境瞒报怎么处理？除了被判刑，还有更“狠”的,辽宁大连,国内公民纳税了，你们在国外，给人家纳税，凭啥免费？还来祸祸？从严处理！,如水时光6144400074,290
入境瞒报怎么处理？除了被判刑，还有更“狠”的,四川内江,必须第一受到法律的制裁，第二自己买单。,用户kalkar35kg,209
入境瞒报怎么处理？除了被判刑，还有更“狠”的,上海,举双手双脚支持。再加罚款 刑事追究，严重危害公共安全罪。,迎风踏浪1978,170
入境瞒报怎么处理？除了被判刑，还有更“狠”的,上海,瞒报危害极大，不但涉及很多无辜者，而且给国家造成巨大人力、物力损失。必须严惩。,用户7382956199,66
入境瞒报怎么处理？除了被判刑，还有更“狠”的,广东深圳,就该这么办！[good]有病想到了祖国无可厚非，但不能为了个人利益损坏众多民众的利益，这个举措好！,娟子爱琳琳,59
入境瞒报怎么处理？除了被判刑，还有更“狠”的,河口,唐山做法我点赞！,用户7413091155,45
入境瞒报怎么处理？除了被判刑，还有更“狠”的,江西南昌,唐山，牛！开风气之先。让瞒报者受到应有处罚！[赞],地球村444,32
入境瞒报怎么处理？除了被判刑，还有更“狠”的,广东广州,建议非中国籍人带病来中国，治疗费自付，隐瞒病情进入我国还要判刑，中国籍的回来，不隐瞒病情，国家免费治疗，祖国永远是你的家，随时为你遮风挡雨，如果隐瞒病情回来，治疗费自付，还要判刑。,用户7330981047,24
入境瞒报怎么处理？除了被判刑，还有更“狠”的,上海,带病入境的一律自费不管哪个国籍的，还要承担被连累人员的费用！,opentheheart43393,22
入境瞒报怎么处理？除了被判刑，还有更“狠”的,广东东莞,如果造成传染，还应负担被传染人的部分费用,一无所求1007658912,21
入境瞒报怎么处理？除了被判刑，还有更“狠”的,四川成都,本来就该这样，瞒报的后果非常严重，我觉得就不该救，让他自生自灭！[怒],用户7315415006,20
入境瞒报怎么处理？除了被判刑，还有更“狠”的,广西贵港,带病隐瞒入境的都是些富二代小兔崽子，穷人家的孩子哪个不是老实申报,强尼加兰德,13
入境瞒报怎么处理？除了被判刑，还有更“狠”的,广东东莞,入境人员，故意隐瞒行程，患病情况等，应当醉酒刑事责任，判刑，追加罚款，所有有关的治疗费用，包括治疗前和治愈后的隔离费用全部自理。,he永远太遥远,11
入境瞒报怎么处理？除了被判刑，还有更“狠”的,江西南昌,唐山的做法绝对支持，但是希望能加一条所有境外人员包括华侨，回国确诊新冠肺炎的都必须自费，因为国家的医疗资源本就应该用在中华人民共和国公民身上而不是外国人！,drsy3,11
入境瞒报怎么处理？除了被判刑，还有更“狠”的,北京,就应该让他们自费！祖国在困难的时候！你们出国！现在国外呆不住了！又想回来享受福利！什么玩意儿！,用户7377468052,11
入境瞒报怎么处理？除了被判刑，还有更“狠”的,河南郑州,赚钱的时候出国了，有病了回来了，走的时候怎么不想母亲有多好呢！只索取不付出，什么东西！出去就别回来！,老凯1971,9
入境瞒报怎么处理？除了被判刑，还有更“狠”的,四川成都,如果造成了他人被传染，则被传染人的医疗费用应由违法者承担50%！同时，也应追究其病愈后的刑责！,罗森内里ever,9
入境瞒报怎么处理？除了被判刑，还有更“狠”的,上海,各地方应立法，对瞒报新冠肺炎病情的入境者，以刑法惩处：以危险方式危害公共安全，如造成多人感染，加重处罚。,hooverhcr,9
入境瞒报怎么处理？除了被判刑，还有更“狠”的,上海,瞒报出医疗费是起码的，必须严惩，坐几年牢让他记住一辈子。,用户7401927413,9
入境瞒报怎么处理？除了被判刑，还有更“狠”的,河北保定,有必要加入失信人员名单,随风舞天涯1899_122,9
入境瞒报怎么处理？除了被判刑，还有更“狠”的,高庄,"对隐瞒不报者,必须按刑法规定的顶格判刑,并且附代民事赔偿,真正意义上“既让牢底坐穿,又让倾家荡产”,、必须严惩这些万人恨。",手机用户3197680857,8
入境瞒报怎么处理？除了被判刑，还有更“狠”的,北京,这不是狠，这是规矩。,小萌兽玩摇滚,7
入境瞒报怎么处理？除了被判刑，还有更“狠”的,贵州黔东南苗族侗族自治州,国外回来瞒报行踪以危害公共安全罪，投毒罪处理。国内大好的局面，决不能让这些外来的破坏了,霸气帝城管,6
入境瞒报怎么处理？除了被判刑，还有更“狠”的,北京,在国外工作的人，如果不是公派，是不应该免费治疗的，因为他们不交税，凭什么要动用纳税人的钱，那都是我们普通人的血汗钱,未填写的谁,5
入境瞒报怎么处理？除了被判刑，还有更“狠”的,河南郑州,就得这个样子？要不然让他等死，不能让纳税人流泪还得给他买单！这不行！！！,永不言败1000,5
入境瞒报怎么处理？除了被判刑，还有更“狠”的,江苏徐州,坚决支持,用户7406661698,4
入境瞒报怎么处理？除了被判刑，还有更“狠”的,福建厦门,对于那些从国外来的人渣必须狠点，否则对老实的国人太不公平。,canny1997_345,3
入境瞒报怎么处理？除了被判刑，还有更“狠”的,东方华城,中医药治疗医药费就千把块钱，并且到现在零死亡，谁都能够承担。但如果是西药治疗可就是几十万啊！并且还容易死亡。,用户7321231785,3
入境瞒报怎么处理？除了被判刑，还有更“狠”的,海南海口,不单判无期徒刑、还要罚个倾家荡产…,蓝色之海666666,3
入境瞒报怎么处理？除了被判刑，还有更“狠”的,黑龙江,个人建议尽快落实相关法律条文，否则按照宪法规定，法无明文规定不为罪，我们也只能从道德角度去谴责，就好像马蓉事件，只能谴责，因为无法可依！,用户6270319962,3
入境瞒报怎么处理？除了被判刑，还有更“狠”的,天津,非法移民一般是要遣送或者关到亲人接的,无敌超级不靠谱的非物质文化遗产,2
入境瞒报怎么处理？除了被判刑，还有更“狠”的,北京,这些害人害己的瞒报者必须重判！,泰山磊姐爱唱歌,2
入境瞒报怎么处理？除了被判刑，还有更“狠”的,北京,简单点，瞒报的话按治疗30天，每天10万治疗费用进行罚款，总计300万。,全不知,2
入境瞒报怎么处理？除了被判刑，还有更“狠”的,辽宁大连,过后追偿恐怕要落空，疫情缓解如不及时采取措施控制，瞒报者还不溜之大吉又跑到外国去了？,愚夫30891,2
入境瞒报怎么处理？除了被判刑，还有更“狠”的,澳门,有期徒刑三年以上七年以下。是不是处罚太过轻呢？,ipipfai,1
入境瞒报怎么处理？除了被判刑，还有更“狠”的,河南郑州,好方法！！点赞[赞],用户536zhz5kjh,1
入境瞒报怎么处理？除了被判刑，还有更“狠”的,辽宁盘锦,刻意隐瞒造成疫情扩大的，应罚没个人财产，写入传染病防治法里边。肯定一抓就灵。,微博网友_56573372,1
入境瞒报怎么处理？除了被判刑，还有更“狠”的,北京,专家说四月底应该能正常生活，现在真担心希望变失望[汗],用户5873605592,1
入境瞒报怎么处理？除了被判刑，还有更“狠”的,广东广州,∵国内公民纳税了，你们在国外，给人家纳税，凭啥免费？还来祸祸？从严处理！,用户7408605465,1
入境瞒报怎么处理？除了被判刑，还有更“狠”的,江西南昌,直接隔离14天费用自理，不要让全国人民的隔离白废了。,安妮14248,1
入境瞒报怎么处理？除了被判刑，还有更“狠”的,河南开封,隔离费用也要自己出,用户6897095150,1
入境瞒报怎么处理？除了被判刑，还有更“狠”的,辽宁沈阳,给这些人花一分钱我都心疼,用户7394775472,1
入境瞒报怎么处理？除了被判刑，还有更“狠”的,河南洛阳,不仅仅是费用自理，还要计入不诚信黑名单，终生不得坐飞机、高铁、轮船、公共汽车、出租车！,中华隧道,1
入境瞒报怎么处理？除了被判刑，还有更“狠”的,湖南,不光是自费治疗，还应该让其承担与其接触后被感染的人的医疗费,蓝色小妖48271,1
入境瞒报怎么处理？除了被判刑，还有更“狠”的,内蒙古赤峰,希望全国统一惩戒措施，不要看到这地区判一年，另一个地区判半年的事情发生。,l1y2h6717,1
入境瞒报怎么处理？除了被判刑，还有更“狠”的,江苏苏州,感觉光这样还不行，不光要承担自己的费用，还要承担由这些人所造成的后果的一切损失费用，并且要追究这些人在中国的诚信目录中记录,用户7400240274,1
入境瞒报怎么处理？除了被判刑，还有更“狠”的,四川成都,在国外工作的人，如果不是公派，是不应该免费治疗的，因为他们在国外交税，赚的钱他个人所有，凭什么要动用国内纳税人的钱，那都是我们普通人的血汗钱呀！他们回国医疗理所应当自负医药费，如果隐瞒真像回国，自负医药费和由此造成的牵连其他人费用，并从严刑事处罚。,用户7158493102,1
入境瞒报怎么处理？除了被判刑，还有更“狠”的,广东东莞,这是好的一种做法，值得全国各地推广。疫情当头，人人应该负起社会责任。对那些不负责任的人，就该从严从重追究，起到警示作用。要不然，搞不好全国人民几个月的支持配合，尤其是抗疫一线的工作人员的辛苦努力，就白费了。,说中国话15,0
入境瞒报怎么处理？除了被判刑，还有更“狠”的,北京,光他自己自费就行吗？他造成的损失，其他确诊，疑似的相关费用算谁的?,用户c7xhheqg0c,0
入境瞒报怎么处理？除了被判刑，还有更“狠”的,河北,支持！支持！还是支持[赞][赞][赞],用户5421606518,0
入境瞒报怎么处理？除了被判刑，还有更“狠”的,北京,全国均应效仿,pinky_欣,0
入境瞒报怎么处理？除了被判刑，还有更“狠”的,广东佛山,本来唐山市这政策是非常公道合理的，只是不明白为何到现在才只有唐山市公布实行？这不是小器问题，而是表明一种自己应负的责任，不能诚实与欺骗都是一种结果，,南无阿尼陀佛,0
入境瞒报怎么处理？除了被判刑，还有更“狠”的,广西桂林,入境瞒报应以危害国家安全罪极刑严惩……！,用户7233857312,0
入境瞒报怎么处理？除了被判刑，还有更“狠”的,贵州遵义,多写了“瞒报”两个字，这么大的错误快改正重发，否则应该严惩发布者。,最好的喷口水,0
北京发布新版餐饮服务指引：不得面对面就餐,北京,根本不可能的事儿,Dr_咩,24
北京发布新版餐饮服务指引：不得面对面就餐,北京,理个发原来20现在69,善良莫天,14
北京发布新版餐饮服务指引：不得面对面就餐,北京,不让做公交车，离家远没有私家车怎么办？,飘动的雨丝,9
北京发布新版餐饮服务指引：不得面对面就餐,北京,方案不错，执行很难！,雪地苍松6608,7
北京发布新版餐饮服务指引：不得面对面就餐,江苏连云港,没有几家餐厅能做到！！！！！,oo6680_6127,5
北京发布新版餐饮服务指引：不得面对面就餐,北京,行啦！老百姓的日子，事情够多的了！带饭！,安盟新思路,3
北京发布新版餐饮服务指引：不得面对面就餐,吉林,背靠背吃饭[嘻嘻],喝果汁的耳朵,2
北京发布新版餐饮服务指引：不得面对面就餐,辽宁沈阳,基本上都变成快餐店了。酒类企业将遭受重创。,庸仁傻脱,2
北京发布新版餐饮服务指引：不得面对面就餐,辽宁抚顺,中国应该借此机会广泛地甚至是强力推进分餐制！以改变传统的聚餐形式，与人与己都好。,文王一点成,1
北京发布新版餐饮服务指引：不得面对面就餐,贵州贵阳,把餐桌，改成小学生课桌，课椅。,wuyong3333_3cf519,1
北京发布新版餐饮服务指引：不得面对面就餐,北京,还是老老实实在家忍着吧     身体是革命的本钱     你知道谁是啊啊啊啊啊[哈哈][哈哈][哈哈][哈哈][哈哈][哈哈][哈哈],脱裤魔大爷,1
北京发布新版餐饮服务指引：不得面对面就餐,北京,这个做的太好了！必须点赞！！！！[good][good][good][good][good][good][good][good][good][good][good][good][good][good][good][good][good][good],用户5538190607,1
北京发布新版餐饮服务指引：不得面对面就餐,北京,斜对面就没风险了？可能会流行凉棚式餐厅。,语言痴迷者,0
北京发布新版餐饮服务指引：不得面对面就餐,北京,就作吧,coco88888999999,0
北京发布新版餐饮服务指引：不得面对面就餐,江苏南京,也要禁川菜湘菜和麻辣烫之类，那些东西可是让人忍不住打喷嚏流眼泪,个人观点,0
北京发布新版餐饮服务指引：不得面对面就餐,加拿大,这样上半年餐厅不要想赚钱了，先想怎么少亏吧，不然就先停业。,GrislyBear大笨熊,0
北京发布新版餐饮服务指引：不得面对面就餐,北京,可以有条件堂食了？,本_色,0
北京发布新版餐饮服务指引：不得面对面就餐,北京,同意。,小萌兽玩摇滚,0
北京发布新版餐饮服务指引：不得面对面就餐,北京,客观上推动了餐桌礼仪在中国的普及。。路还长的很，中国加油,白星眼2013,0
北京建议居民非必要应暂停赴疫情国家,山东菏泽,政府必须下令任何人都不允许出国，如果出国染上病隔离费每天200，看病自费！,用户5905539377,5
北京建议居民非必要应暂停赴疫情国家,北京,善意的劝说，要仔细理解，为自己的生命负责，为国家的安全尽力。,冰072,4
北京建议居民非必要应暂停赴疫情国家,浙江杭州,干嘛这时候去？是公司出差吗？远程办公吧。,sunnysunnysunny888,1
北京建议居民非必要应暂停赴疫情国家,浙江金华,建议上海居民也不要去重点疫区国家，最好是最近几个月不要出国！,杨桃8XU,0
北京建议居民非必要应暂停赴疫情国家,北京,干嘛要模凌两可，就说不许去！不就完了。,我们大家_2728,0
北京通报一美国输入确诊病例情况及行动轨迹,福建泉州,国家养你！你去给美国做贡献！生了病在美国没人管！想起回到中国来治疗了！,用户7329891929,117
北京通报一美国输入确诊病例情况及行动轨迹,广西南宁,这种情况应该不允许上飞机了，会致同机乘客和机组人员于被传染的危险之中。,用户7321666883,96
北京通报一美国输入确诊病例情况及行动轨迹,广西,去美国开个会都挨传染，可见美国有多严重了。,就是我7401825021,50
北京通报一美国输入确诊病例情况及行动轨迹,北京,这种人最可恶！！！！！[怒][怒][怒][怒][怒][怒骂][怒骂][怒骂][怒骂],最大的仙人球,27
北京通报一美国输入确诊病例情况及行动轨迹,北京,没有国内医保的要自费，国家新规定。,用户5617156913,21
北京通报一美国输入确诊病例情况及行动轨迹,上海,长期定居在美国马萨诸塞州，这种人应该查查是否拿美国绿卡了。,aping清风,20
北京通报一美国输入确诊病例情况及行动轨迹,浙江,连累到多少人啊,豆豆3210903884,16
北京通报一美国输入确诊病例情况及行动轨迹,江苏泰州,回来前你应该到白宫去走一下，最好多接近些美国的政府官员。,88018711yu,15
北京通报一美国输入确诊病例情况及行动轨迹,浙江杭州,回来干嘛,GuanMeoDiZi,12
北京通报一美国输入确诊病例情况及行动轨迹,陕西宝鸡,已经出现症状，还要祸祸同机人员,druofang,12
北京通报一美国输入确诊病例情况及行动轨迹,湖北武汉,如果不采取措施，入境病例络绎不绝。,ZHIKET,12
北京通报一美国输入确诊病例情况及行动轨迹,北京,国家航空公司应当立即停飞疫情国家往返航班。这时候没必要做所谓的姿态了!,超级算盘,12
北京通报一美国输入确诊病例情况及行动轨迹,福建泉州,不被传染！是不想回到中国,用户7329891929,11
北京通报一美国输入确诊病例情况及行动轨迹,山东威海,这种人真缺德,想念夏天xt,11
北京通报一美国输入确诊病例情况及行动轨迹,辽宁沈阳,这种被动通报的方式制止不了境外输入，不治本。说的关口前移在哪呢？,庸仁傻脱,11
北京通报一美国输入确诊病例情况及行动轨迹,江苏扬州,这种人太自私！你既然在美国得病就该留在美国治疗！,醉眼1968,11
北京通报一美国输入确诊病例情况及行动轨迹,江苏扬州,这种哪里好往哪里跑的人必须让他们自费！甚至把他重新送回美国都不为过！,醉眼1968,10
北京通报一美国输入确诊病例情况及行动轨迹,北京,回来免费治病？,lixinkd,9
北京通报一美国输入确诊病例情况及行动轨迹,北京,灯塔国不管，回国来治病了，唉，免费还是不免费治疗？是个问题。,不老书生bj,9
北京通报一美国输入确诊病例情况及行动轨迹,广东佛山,开的啥会呀，这拖家带口的全上了？这一路下来，增加了多少工作量了？唉，倒灌的压力越来越大。应该主动派飞机接回来，统一安排，统一隔离，统一检测。广东为了追踪2名从离大利感染人员，隔离了1000人。现在从意大利回国的，100%全是阳性。一次性把这在意大利的人接回国了。,用户6900056600,7
北京通报一美国输入确诊病例情况及行动轨迹,浙江杭州,这个患者有研究价值，查一查其是第几辈病毒，如果是爷爷辈的，证明新冠病毒的源头就在美利坚。,天涯海角_81104,7
北京通报一美国输入确诊病例情况及行动轨迹,江苏南京,太自私了，该负刑事责任。,njrhkgao,7
北京通报一美国输入确诊病例情况及行动轨迹,贵州贵阳,这种不愿意为祖国效力，有了危难就厚颜无耻躺在祖国身上耍赖的人，不值得迁就！既已 染病，还跨洋散布，进而祸害祖国，祸害同胞，要给点颜色看看。治疗费、相关的隔离费，都必须自掏腰包。倘若造成后果，还要承担责任。总之，此风断不可长！！,位文昂457,6
北京通报一美国输入确诊病例情况及行动轨迹,北京,确诊才想起回国，把危险留给祖国母亲！,黑豆看世界,6
北京通报一美国输入确诊病例情况及行动轨迹,河南开封,没有医保的应该自费。谢谢。纳税人恳请。,用户6301679241,6
北京通报一美国输入确诊病例情况及行动轨迹,北京,人心最险恶,脱裤魔大爷,4
北京通报一美国输入确诊病例情况及行动轨迹,北京,这也太无耻了,小涛08469,2
北京通报一美国输入确诊病例情况及行动轨迹,山东青岛,都是中国人，遇到危难想起母亲，人之常情。哪有母亲嫌弃自己孩子的？只是应该注意隔离措施，不要伤害其他人。,QNDKLK,1
北京通报一美国输入确诊病例情况及行动轨迹,广西贵港,医穷她,看不懂976,0
医疗垃圾“井喷” 在疫情中被放大的处置困境,河南,我国疫情这么严重，口罩和医用品等等的使用频率日渐增高，如何正确处理医护垃圾已然成为重头，呼吁国家出台有关政策，优先处理国内医用垃圾，暂停处理外国垃圾。,木木二夕,198
医疗垃圾“井喷” 在疫情中被放大的处置困境,美国弗吉尼亚州,对哦……这下医疗垃圾不处理好的话还会直接反噬环境影响到我们的健康,二师兄我心向阳,43
医疗垃圾“井喷” 在疫情中被放大的处置困境,湖北宜昌,防护服，口罩要能够重复使用要10次以上。为什么用一次性的呢？在严重的疫情面前，这种简单粗暴的方法捉襟见肘，甚至非常危险。,股票用户454080,24
华南市场29名留守者未感染，毒源地论何解？,北京,华南市场可能不是第一感染源，但是此市场纵容野生动物买卖，也应该封掉严肃处理,遗忘的月光被遗忘,2801
华南市场29名留守者未感染，毒源地论何解？,北京,不管是不是发源地，一定要禁这种野生动物商贩,_YellowFlickerBeat,2237
华南市场29名留守者未感染，毒源地论何解？,北京,等真相大白的那一天！,爱吃西瓜的小何,1462
华南市场29名留守者未感染，毒源地论何解？,北京,市场之前消毒没？,余思之,797
华南市场29名留守者未感染，毒源地论何解？,福建泉州,从军运会开始排查有没有输入的可能性,别拿借口当聪明,115
华南市场29名留守者未感染，毒源地论何解？,北京,但当时在市场的环境中，的确提取到大量新冠病毒。,语言痴迷者,44
华南市场29名留守者未感染，毒源地论何解？,北京,市场里早就消毒过很多遍了吧,拖延症该改改,37
华南市场29名留守者未感染，毒源地论何解？,北京,前几个发病的是什么人，干什么的，调查一下不就行了吗,仁者大义,25
华南市场29名留守者未感染，毒源地论何解？,北京,3月3日消杀才撤出，不证明3月3日前没有进行过多次消杀。而且他们等于是在隔离。这个没什么问题吧。,南人北相不是东西,20
华南市场29名留守者未感染，毒源地论何解？,北京,气愤他们对野生动物的残忍！,尘名灰,20
华南市场29名留守者未感染，毒源地论何解？,北京,3月3日之前没有消杀过 ？ 我记得新闻上多次看到消杀啊？,鑫鑫淼淼gw,20
华南市场29名留守者未感染，毒源地论何解？,北京,相信科学，在结果出来前请不要随便猜测,米妮mini44,17
华南市场29名留守者未感染，毒源地论何解？,湖北武汉,答案在马路对面军运接待定点：添雅酒店,纵横时光,17
华南市场29名留守者未感染，毒源地论何解？,甘肃兰州,啥也别说了，种种迹象就是美冠,一缕晨光2962,13
华南市场29名留守者未感染，毒源地论何解？,陕西西安,种种迹象表明美国才是病毒来源地，查查美国夏威夷！,手机用户2025051415,13
华南市场29名留守者未感染，毒源地论何解？,北京,这多危险呀，为什么让这么多人守在这里。,即便是围观,12
华南市场29名留守者未感染，毒源地论何解？,江苏镇江,如果是毒源地，H38，H13这样的古老级病毒体应该检测到，看中国还是日本，韩国，意大利，伊朗等国的病毒检测都是孙子辈之后的延伸体。只有美国发现古老级的病毒体存在 。,心情小雨的天使,12
华南市场29名留守者未感染，毒源地论何解？,北京,之前不是闭市消毒了吗？管轶过去什么也没找到。,希戈,11
华南市场29名留守者未感染，毒源地论何解？,香港,病毒是美国人传过来的，市场做了替死鬼，不过有野生动物买卖也应该处理,用户5896609253,10
华南市场29名留守者未感染，毒源地论何解？,北京,此地不是第一感染源,oldmanolder,10
华南市场29名留守者未感染，毒源地论何解？,北京,赶紧找出源头，还中国一个清白！,鸭掌水中游,9
华南市场29名留守者未感染，毒源地论何解？,广西南宁,估计病毒源头不在华南市场，而是外围的人群早已感染，只是进出这个市场的人流量大，加剧了感染的力度。,用户5894120069,9
华南市场29名留守者未感染，毒源地论何解？,北京,很简单啊～他们一直在市场，长期与野生动物接触，可能已经有一定免疫能力了～,像猪头的如花,9
华南市场29名留守者未感染，毒源地论何解？,辽宁阜新,明摆着，美国的流感就是新冠，不然什么流感导致那么多人传染，死亡率还那么高！,TSTyes集团董事陈丽,9
华南市场29名留守者未感染，毒源地论何解？,北京,一定要查清楚,肚子疼得厉害,8
华南市场29名留守者未感染，毒源地论何解？,北京,这是不是可以怀疑病毒🦠是外在输入进来的呢,乄鲁伯特之泪乄,8
华南市场29名留守者未感染，毒源地论何解？,合川客运中心,专家分析在野生动物身上存在新冠病毒，大家不约而同就联想到野生动物市场，华南市场在武汉有名，野生动物交易量大，因此被人们误认为新冠病毒由此而来，成了当时的怀疑对象之一，当然，这次背了一个大黑锅。,重庆新地标,8
华南市场29名留守者未感染，毒源地论何解？,辽宁盘锦,本来就不是华南海鲜市场的事，美国对我们的阴谋攻击！,用户7360908395,7
华南市场29名留守者未感染，毒源地论何解？,天津,极有可能是境黑手所为，毒源应当是在国外。,手机用户1063623261,7
华南市场29名留守者未感染，毒源地论何解？,北京,科技如此发达，到现在还没有搞清楚？,华真58668,7
华南市场29名留守者未感染，毒源地论何解？,黑龙江牡丹江,不是说查出里面动物有大量冠状病毒了么，啥情况又推翻自己的结论？,Dapengteacher,7
华南市场29名留守者未感染，毒源地论何解？,上海,估计是美国军人去海鲜市场买吃的，然后传染开了,用户7015939730,6
华南市场29名留守者未感染，毒源地论何解？,广西柳州,美国佬哪家医药公司病毒细菌研究所，干嘛关闭状态，资料全部烧毁，小孩都想的出，这是最好的答案,wb20206286595177,5
华南市场29名留守者未感染，毒源地论何解？,香港,那应该好好撤查所有的CCTV，看看有没有任何记录疑点，是否美军在播毒的,天使的眼睛199006,5
华南市场29名留守者未感染，毒源地论何解？,浙江杭州,外来病毒传染至市场相关人员，后在人流量大且集中的市场内互相传播导致爆发，并大规模向外传染[闭嘴],吴小的儿-小昀昀,5
华南市场29名留守者未感染，毒源地论何解？,四川成都,不仅仅是华南海鲜市场，包括武汉、湖北、中国，都成了背锅的！那个制造病毒并带到中国，带到武汉的，敢不敢把去年死于流感的人拖出来检测？,michey0712,5
华南市场29名留守者未感染，毒源地论何解？,广东韶关,0号都找不到,weawwa,5
华南市场29名留守者未感染，毒源地论何解？,广东广州,这不对，之前又说在这里检测出大量的病毒,泡在茶杯里的虫,5
华南市场29名留守者未感染，毒源地论何解？,北京,病毒到底是从哪里来的呢？,扬韬,5
华南市场29名留守者未感染，毒源地论何解？,上海,为啥现在才公布这个消息,微微6250715786,4
华南市场29名留守者未感染，毒源地论何解？,广东肇庆,放屁，毒源在美国,富龙功夫俱乐部,4
华南市场29名留守者未感染，毒源地论何解？,浙江宁波,保证不是，就是美国人的生化武器。,罗军04547,4
华南市场29名留守者未感染，毒源地论何解？,北京,细思恐极,Melody_Z_,4
华南市场29名留守者未感染，毒源地论何解？,广东佛山,华南市场是不是有点冤？,林一珩,4
华南市场29名留守者未感染，毒源地论何解？,云南昆明,有可能不是病毒发源地，但是贩卖野生动物是该治理。,用户5680495633,4
华南市场29名留守者未感染，毒源地论何解？,广东广州,一直怀疑是美国,Candy梁泽,4
华南市场29名留守者未感染，毒源地论何解？,福建福州,可以确定病毒来自境外。,用户5361756758,3
华南市场29名留守者未感染，毒源地论何解？,四川成都,新冠到底是如何引发的？,中天悬剑7984,3
华南市场29名留守者未感染，毒源地论何解？,宁夏,美国特浪普派人带到武汉的,用户6234628674,3
华南市场29名留守者未感染，毒源地论何解？,北京海淀,看看美军参加武汉世界军体会的人员或随从人员是否来过海鲜市场？,小城市下水道1,3
华南市场29名留守者未感染，毒源地论何解？,广东广州,根本不是动物感染人，应该是人感染人的！请问动物都煮熟了，病毒还能存在？只是有感染的人，刚好去过市场才发生感染传播的，根本不关市场事，难道只有那个市场有蝙蝠卖吗？难道只有那个市场有刺猬卖，马来西亚是可以吃刺猬的，怎么他们没有感染？,陈jin九,3
华南市场29名留守者未感染，毒源地论何解？,辽宁,不是发源地，是传播地,用户7408862835,3
华南市场29名留守者未感染，毒源地论何解？,北京,不用说了，病毒来自美国！,用户7377205576,3
华南市场29名留守者未感染，毒源地论何解？,江西,全部化验一下血型，可能某种血型的人有特异抗毒功能！,烂笔头Cyj_472,3
华南市场29名留守者未感染，毒源地论何解？,北京,美国2019年流感，值得怀疑，美国没说实话，现在说有可能是新冠肺炎，有可能是境外输入，让中国背拉黑过，美国老，太缺德什么事都干得出来。,艾米光棍,3
华南市场29名留守者未感染，毒源地论何解？,北京,很迷惑！,青城老男孩,3
华南市场29名留守者未感染，毒源地论何解？,天津,就像养猫养狗的人时间长了有免疫力一样的道理。有的人免疫力弱就会感染。而免疫力强的百毒不侵。我老公就是天天作，喝酒抽烟，熬夜。但是身体壮的像头牛。,紫丁香的季节1997,3
华南市场29名留守者未感染，毒源地论何解？,亚龙湾假日度假酒店生活区,美国会给中国一个解释的,强仔是肌肉男,3
华南市场29名留守者未感染，毒源地论何解？,日本,华南海鲜市场确实不是新冠病毒的源头，但是从城市的整体布局来看，这个地段确实不适合用来搞一个这种批发市场。应该搬迁到郊区。。。,大雕东飞钓鱼岛,3
华南市场29名留守者未感染，毒源地论何解？,北京海淀,错了，武汉爆发冠状病毒肺炎疫情的最大嫌疑是武汉人从夏威夷旅游归国，开始感觉有不适感就传染了冠状病毒，造成了武汉人传人的肺炎疫情，都是美国早就爆发了冠状病毒，根本不是流感病毒，美国政府应该承担不防控疫情的责任，不能甩锅嫁祸于中国,用户5948354545,3
华南市场29名留守者未感染，毒源地论何解？,福建福州,美国🇺🇸老带过的,用户5629748439,3
华南市场29名留守者未感染，毒源地论何解？,山东青岛,说不清,在跌倒和站立之间折腾,3
华南市场29名留守者未感染，毒源地论何解？,上海,美国病毒,手机用户2118528453,3
华南市场29名留守者未感染，毒源地论何解？,北京,扑朔迷离,最滁州,3
华南市场29名留守者未感染，毒源地论何解？,河北邢台,这几个人必有后福,My赵小妞,2
华南市场29名留守者未感染，毒源地论何解？,北京,免疫体质不同  只能这么解释吧,二一添作5,2
华南市场29名留守者未感染，毒源地论何解？,湖北武汉,发源地一时难以确定，但新冠病毒传染源就是华南海鲜城贩卖野生动物引起这个是确定的！,用户7329298435,2
华南市场29名留守者未感染，毒源地论何解？,山东泰安,应该不是，美国流感死亡的人很多都查出来了新冠病毒，而且美国一直没停止过生化病毒武器研发,郭默默ToT,2
华南市场29名留守者未感染，毒源地论何解？,北京,调查清楚吧,电波小姐,2
华南市场29名留守者未感染，毒源地论何解？,广东东莞,古今中外背锅的多的是,falcom103,2
华南市场29名留守者未感染，毒源地论何解？,美国加利福尼亚州,不要以偏概全，29人在那的未感染，其余的几万感染的都是先出自华南海鲜市场 人口又去了全世界把别人互相感染 所以小编想说这29人有免疫吗？,AMichelle3728,2
华南市场29名留守者未感染，毒源地论何解？,四川成都,开始说是，现在否认不是，都是你们在说。好玩。,牛虻D,2
华南市场29名留守者未感染，毒源地论何解？,山东济宁,智商堪忧，人传人，人没有了，传染源当然也没有了。这样的智商怎么还好意思发文博眼球啊？那个市场已经消杀了无数次了。非法的野生动物也早转移了，光剩几间房子上哪感染,梦想天空01,2
华南市场29名留守者未感染，毒源地论何解？,北京,一定要查清,Jason月落枫林晚,2
华南市场29名留守者未感染，毒源地论何解？,北京海淀,华南海鲜市场可能不是新冠病毒源头，但绝对是一个病毒扩散地，因为武汉疫情初期很多病患都有过这个市场的行程经历。,来自银河系外的问候,2
华南市场29名留守者未感染，毒源地论何解？,湖北武汉,这个线索很重要，应该重视。毕竟，确实是爆发点，是不是发源地，需要科学研究。不过，这个市场确实应该加强检疫，每次从边上过，那个味，叫一个酸爽,再忙也要闲逛逛,2
华南市场29名留守者未感染，毒源地论何解？,浙江杭州,确实不是发源地呀，是爆发地。,龙飘飘飘,2
华南市场29名留守者未感染，毒源地论何解？,北京,香港患者家的猫狗被发现100%感染。所以城市里必须禁止个人饲养猫狗！,全不知,2
华南市场29名留守者未感染，毒源地论何解？,浙江宁波,意思是错怪动物了,Q米小猪火灵灵,2
华南市场29名留守者未感染，毒源地论何解？,辽宁沈阳,不管是不是发源地，一定要禁这种野生动物商贩,用户7377274744,2
华南市场29名留守者未感染，毒源地论何解？,湖北武汉,美国世界霸主地位不倒，氶远没有真象！,赵愤基,2
华南市场29名留守者未感染，毒源地论何解？,山东威海,病毒不是源自我国，全体中国人别在不敢和西方的思想瘟疫和汉奸做斗争了，国家层面上也应该和西方思想瘟疫做直面的斗争了。,用户7387184427,2
华南市场29名留守者未感染，毒源地论何解？,日本,美国的电子烟肺炎，就是新冠病毒引发的。美国人把病毒带到武汉传到华南海鲜市场。,大雕东飞钓鱼岛,2
华南市场29名留守者未感染，毒源地论何解？,北京,不要再瞎说美国传过来的，如果美国是病毒发源地，那么假设疾病在美国爆发以后，然后应该是传遍全世界，而不单单是武汉，现在的情况恰恰是中国爆发疾病以后，然后传遍全世界，足以证明中国才是病毒发源地,小D啊啊啊,2
华南市场29名留守者未感染，毒源地论何解？,怡丰城·上海,美国欠我们一个解释,王多鱼11111235,1
华南市场29名留守者未感染，毒源地论何解？,湖北武汉,新闻越短问题越大！前段时间有新闻说只留一家四口留守，今天又出来29人！牙膏到底还有几多？,89肉丝,1
华南市场29名留守者未感染，毒源地论何解？,北京,让野生动物情何以堪[哼],牛律师,1
华南市场29名留守者未感染，毒源地论何解？,广东广州,那是因为市场所有染病的人都已经隔离，并不能说这不是源头。,york141,1
华南市场29名留守者未感染，毒源地论何解？,贵州贵阳,不是已证毒源在霉国🇺🇸了吗？,用户7041958520,1
华南市场29名留守者未感染，毒源地论何解？,江苏南通,发源地美国无疑,用户6898682938,1
华南市场29名留守者未感染，毒源地论何解？,湖北武汉,因为华南市场就不是毒源地,小湖北京东西安排队长_653,1
华南市场29名留守者未感染，毒源地论何解？,北京,这个市场只是起了不间断会议室的作用，，有美国之前几千万流感疫区旅行史的国人先回到这个地方吧，，在这里会形成迅速扩散模式,用户7341745214,1
华南市场29名留守者未感染，毒源地论何解？,江西,一定会有真相大白的一天。,用户7413099104,1
华南市场29名留守者未感染，毒源地论何解？,河南,离真相越来越近了，病毒来源于美国🇺🇸,望月200404,1
华南市场29名留守者未感染，毒源地论何解？,上海,我觉得国人有点被害妄想 想的多了自己都觉得是现实真相了 之前言之凿凿要石正丽负责的还实名举报的 我觉得那个听上去逻辑还更强些[允悲],veronique0,1
华南市场29名留守者未感染，毒源地论何解？,浙江衢州,蝙蝠洗白了个，穿山甲得救了。,用户180****9616,1
华南市场29名留守者未感染，毒源地论何解？,黑龙江哈尔滨,背锅的吧！但是野生动物买卖必须禁止！,Teacher-Ying,1
华南市场29名留守者未感染，毒源地论何解？,北京,说明还是人传人,清新-莉萨,1
华南市场29名留守者未感染，毒源地论何解？,浙江台州,美国才是,股道柔情2019,1
华南市场29名留守者未感染，毒源地论何解？,海南海口,哎呀，疑点重重,坚强的2020-奋斗吧,1
华南市场29名留守者未感染，毒源地论何解？,北京,国家保护的野生动物是不能吃，人工养殖的要区别对待,露丝十易商务018,1
华南市场29名留守者未感染，毒源地论何解？,安徽合肥,封闭后为什么还会有29人留守？,用户6013655630,1
华南市场29名留守者未感染，毒源地论何解？,山东临沂,不是毒源地，就可以买卖野生动物吗？,兰VS翔,1
华南市场29名留守者未感染，毒源地论何解？,河北廊坊,如果有可能的话，查看一下原始监控，仔细看看，找一下原因,天马行空xht,1
华南市场29名留守者未感染，毒源地论何解？,北京,其他人员?,dahulu12,1
华南市场29名留守者未感染，毒源地论何解？,广西南宁,不知道咋回事，整个武汉城都按下暂停键，可这海鲜市场启动拆除了，为什么呢,用户7342058942,1
华南市场29名留守者未感染，毒源地论何解？,北京,Why?,公民李放,1
华南市场29名留守者未感染，毒源地论何解？,河北沧州,期待真相大白的时刻,一颗小小草1_542,1
华南市场29名留守者未感染，毒源地论何解？,山东威海,这么看来，3月3日的消杀，根本没有必要。反而毁灭了证据。,流落奈古山,1
华南市场29名留守者未感染，毒源地论何解？,江苏南京,在北美病夫那儿！,用户5426335344,1
华南市场29名留守者未感染，毒源地论何解？,安徽,从目前的数据看，第一批确诊的很多不是这里的，这里肯定不是零号地点，第一批人估计都火化了，很难找到了，这玩意真不知道哪里搞来的,东方古金,1
华南市场29名留守者未感染，毒源地论何解？,北京,所以到底怎么回事,kukki,1
华南市场29名留守者未感染，毒源地论何解？,湖南郴州,运气好没有接触到感染者呗，撒网捕鱼也总会有漏网之鱼，并不能说明什么问题,刨坟大都督,1
华南市场29名留守者未感染，毒源地论何解？,广西南宁,不要老拿野生动物说事，容易误导官方调查！这未必是罪恶魁首，以前也有人食用野生动物，怎么没见发病？,保新医馆,1
华南市场29名留守者未感染，毒源地论何解？,北京,？？？,一纸劉年XK,1
华南市场29名留守者未感染，毒源地论何解？,四川成都,怎么听都像在洗白，毒源地在哪里，不是这些人去能解释的，就算不是毒源地，也是一个重要的散发场所。,低头踩着我自己的脚,1
华南市场29名留守者未感染，毒源地论何解？,江苏苏州,同一市场有人感染有人没感染很正常，有什么大惊小怪的！,鹰飞高远,1
华南市场29名留守者未感染，毒源地论何解？,重庆,不是，是部分生擒携带有而不是整个市场都有,lw61144,1
华南市场29名留守者未感染，毒源地论何解？,山东青岛,提出者荒谬，难道是华南市场的人员都要是病毒感染这么。,weichen007,1
华南市场29名留守者未感染，毒源地论何解？,南昌火车站,真像永远都是一个迷，不可能查出来的，,闪电的光,0
华南市场29名留守者未感染，毒源地论何解？,山西,处理问题什么时候理性  要讲证据  不能嘴大说了算,王国强3,0
华南市场29名留守者未感染，毒源地论何解？,广东汕头,这么大的市场，还有里面野生动物什么的都清掉了，才几十个人在里面肯定不会有事,BB懒洋洋,0
华南市场29名留守者未感染，毒源地论何解？,广东佛山,难道长期接触动物有扩体？听说很多动物体内都有冠状病毒。,火山点灯,0
华南市场29名留守者未感染，毒源地论何解？,重庆,中国必须立法从严从重惩处野生动物交易，彻底铲除吃野味的恶习。,用户7247312950,0
华南市场29名留守者未感染，毒源地论何解？,上海,不晓得病毒源哪来的，我们也挺过来了，中国加油，武汉加油。,用户6979525254,0
华南市场29名留守者未感染，毒源地论何解？,湖北武汉,这个问题不是早就有结论了吗？也许不是起源地，但可能是这里的什么原因导致了集中暴发吧,小蓉的年玖,0
华南市场29名留守者未感染，毒源地论何解？,北京,华南海鲜市场肯定不是第一发源地，难道市场会诞生病毒？,超级冬1981,0
华南市场29名留守者未感染，毒源地论何解？,江苏镇江,封闭前不是消毒了吗？,用户7376566738,0
华南市场29名留守者未感染，毒源地论何解？,陕西渭南,我感觉好多事情在相当一段时间内都是一个难解之谜，就像那个马航失联客机一样……,用户7321663538,0
华南市场29名留守者未感染，毒源地论何解？,四川成都,好,小刚1976的围脖,0
华南市场29名留守者未感染，毒源地论何解？,四川成都,米国出来解释一下,江风李十三,0
华南市场29名留守者未感染，毒源地论何解？,浙江嘉兴,那是应该应该消毒了,征马不前,0
华南市场29名留守者未感染，毒源地论何解？,吉林长春,德特里克堡 了解一下。,用户6280271435,0
华南市场29名留守者未感染，毒源地论何解？,广东广州,你信吗？你不信，我信了！,用户6839578784,0
华南市场29名留守者未感染，毒源地论何解？,江西南昌,有些人本来就会对病毒免疫的啊  这个能说明什么呢,JosephJohnny,0
华南市场29名留守者未感染，毒源地论何解？,陕西西安,纵容买卖野生动物怎么算，先不要扯别的了,sweet落叶无痕,0
华南市场29名留守者未感染，毒源地论何解？,广东广州,野生动物本来就携带冠状病毒，可能市场里有的人已经有感染了市场野生动物的冠状病毒但是毒性不大并且已经免疫了，后来又在别的地方感染了别的冠状病毒，导致两种冠状病毒混合在一起，造成变异，最终进化成致命的病毒。,努力工作-认真生活,0
华南市场29名留守者未感染，毒源地论何解？,重庆,贩卖野生动物。罪无可赦。,用户7381945747,0
华南市场29名留守者未感染，毒源地论何解？,黑龙江齐齐哈尔,或是错炖了美国军用啸天犬，或是美利伽巧克力喂了当地的野生动物,手写板200105,0
华南市场29名留守者未感染，毒源地论何解？,河北廊坊,没有买卖就没有杀戮，杜绝食用,用户7395264102,0
华南市场29名留守者未感染，毒源地论何解？,甘肃兰州,无论是否是病源地，都应该远离野生动物,天然呆的micky,0
华南市场29名留守者未感染，毒源地论何解？,广东佛山,希望我们的天眼系统已经追踪到嫌疑人在武汉的行踪轨迹,助梦老爹,0
华南市场29名留守者未感染，毒源地论何解？,四川成都,真的是吗？？？？？,小鱼_198509,0
华南市场29名留守者未感染，毒源地论何解？,北京,说明可以吃野生动物的。,手机用户2972015501,0
华南市场29名留守者未感染，毒源地论何解？,广东,这就奇了怪了[笑cry][笑cry][笑cry],石依梁,0
华南市场29名留守者未感染，毒源地论何解？,四川成都,难道他们是金庸小说中描写的百毒不侵？，或是身体中有抗体？。,老强188,0
华南市场29名留守者未感染，毒源地论何解？,江苏徐州,这个必须搞清楚！这个关系到中国是否是发源地的问题！这个也应该能够搞清楚！,sovid,0
华南市场29名留守者未感染，毒源地论何解？,河北邢台,其实我们幸存者都是有福之人，愿那些被病毒折磨的中国人，一路走好,My赵小妞,0
华南市场29名留守者未感染，毒源地论何解？,吉林白城,就算是病毒发源地，只能说感染概率高，再高也达不到百分之九十，没被感染的只能说幸运。,多闻目,0
华南市场29名留守者未感染，毒源地论何解？,湖北武汉,逻辑思维有问题！人传人，病人都不在这里，怎么传？动物传人，起码有个传人的方式吧！如接触未加工的动物…………,无色7092,0
华南市场29名留守者未感染，毒源地论何解？,江苏苏州,新冠扑朔迷离,用户7388009850,0
华南市场29名留守者未感染，毒源地论何解？,浙江宁波,不生病不代表没有抗体，感染了不代表一定要生病！生病了不一定都死亡，生命科学真的不是一般这么简单能搞清楚的，找毒源谈何容易。,酷购京东,0
华南市场29名留守者未感染，毒源地论何解？,辽宁沈阳,这是专业问题，交给专业人士调查给出答案,辽宁凌源三道杖子村,0
华南市场29名留守者未感染，毒源地论何解？,河北,最危险的地方是最安全的地方吗？[汗][汗],用户7377306387,0
华南市场29名留守者未感染，毒源地论何解？,北京,也没准本身就不易感染，这病毒不是好多接触过的也都没感染吗，还是交给科学吧,路透大魔王,0
华南市场29名留守者未感染，毒源地论何解？,广东,防护得当，可能有病毒的动物都没了，那里应该是最安全的地方了,wuziwen0756,0
华南市场29名留守者未感染，毒源地论何解？,山西太原,第一个病人不就是海鲜市场的吗？他从那儿感染上的?病源最终在哪里?,海阔凭鱼跃200907,0
华南市场29名留守者未感染，毒源地论何解？,陕西西安,这个标题本来就有逻辑问题,手浪用户2684679460,0
华南市场29名留守者未感染，毒源地论何解？,广东惠州,坐等科学家们好消息,东江骄子L,0
华南市场29名留守者未感染，毒源地论何解？,河北沧州,各种说法可以有，但是不要把野生动物这个目前最有可能的给忽略掉，不要掩盖这个教训,Super小寇哥,0
华南市场29名留守者未感染，毒源地论何解？,山东枣庄,反复消毒灭菌的结果。,精彩人生1957,0
华南市场29名留守者未感染，毒源地论何解？,广东广州,为什么他们会没事,M逗逼,0
华南市场29名留守者未感染，毒源地论何解？,湖北武汉,之前在此发现了病毒🦠，应该及时做了消杀等措施吧，……,甜猫99_159,0
华南市场29名留守者未感染，毒源地论何解？,贵州贵阳,戴口罩，勤通风，勤洗手。这样就不会被感染啦。政府这样说，24人，可能也这样子做。,wuyong3333_3cf519,0
华南市场29名留守者未感染，毒源地论何解？,广东东莞,查清楚是否美军过来释放病毒，是美军所为就不要让这个市场背黑锅，但野生动物就必须要禁止！,何禧文,0
华南市场29名留守者未感染，毒源地论何解？,广东广州,真是给这个病毒害惨了！到底什么时候才能上学啊！没有问题的学生可以上学吗？大人们都要上班了，没有人带孩子！托管不让开如何是好啊！,壬子小姐,0
华南市场29名留守者未感染，毒源地论何解？,河北唐山,科学家如何解释很重要，因为只有科学家才有能力解释！,郝树军1,0
华南市场29名留守者未感染，毒源地论何解？,陕西西安,把消息弄准确再发，,用户6198065102,0
华南市场29名留守者未感染，毒源地论何解？,新疆巴音郭楞蒙古自治州,不是最好，但是野生动物是绝对不能买卖的！相关人员必须负责！,阿疆cc,0
华南市场29名留守者未感染，毒源地论何解？,东胥香花园东区,乱吃野生动物会给别有用心的人以可乘之机才是真的！,迎难而上的执着,0
华南市场29名留守者未感染，毒源地论何解？,广东东莞,留守的说明是穷人反而没感染,Liangyimin201503,0
华南市场29名留守者未感染，毒源地论何解？,广东广州,本来就不是,vidi91652,0
华南市场29名留守者未感染，毒源地论何解？,新疆乌鲁木齐,最初公布说的海鲜市场是发源地  ，  现在又说海鲜市场不是发源地   这是不是等于自己打自己脸啊？  还是  前后都没啥区别  憋了就放？？,奔跑的酒桶,0
华南市场29名留守者未感染，毒源地论何解？,安徽合肥,封闭后为什么要留守？,用户6013655630,0
华南市场29名留守者未感染，毒源地论何解？,海南三亚,不管它是不是这次疫情的发原地，也应该封了取缔经营，不能再允许野生动物买卖,皮皮七976,0
华南市场29名留守者未感染，毒源地论何解？,亚龙湾假日度假酒店生活区,环球网发布信息有真相大白,强仔是肌肉男,0
华南市场29名留守者未感染，毒源地论何解？,浙江嘉兴,迷雾重重,用户7321395745,0
华南市场29名留守者未感染，毒源地论何解？,浙江杭州,封闭那天就消过毒吧，后来又消了一次。,马棚里出生的地主,0
华南市场29名留守者未感染，毒源地论何解？,辽宁沈阳,有必然，也有偶然。,用户7412773714,0
华南市场29名留守者未感染，毒源地论何解？,河北石家庄,病毒研究所泄露？,用户5700860445,0
华南市场29名留守者未感染，毒源地论何解？,广西南宁,这里应该是第几感染源,用户6412874111,0
华南市场29名留守者未感染，毒源地论何解？,上海,早在春节期间我就说屎盆子扣在海鲜市场是一招烂棋！,老克拉想登泰山,0
原南京邮电学院首任院长秦华礼逝世 享年108岁,陕西西安,老人家千古。,西祠水军,14
原南京邮电学院首任院长秦华礼逝世 享年108岁,浙江温州,烈火铸就真金,调皮的小沙弥,3
原南京邮电学院首任院长秦华礼逝世 享年108岁,山东临沂,光荣的老红军！最最可爱的人！无可估量的损失！,40正惑,0
台湾新北市举办全台首次新冠肺炎大规模感染演习,广东韶关,演习?不是真正的应对吗？,13lion,1
台湾新北市举办全台首次新冠肺炎大规模感染演习,江西吉安,断航断得好啊，感染人数这么少！,用户6075180285,0
台湾新北市举办全台首次新冠肺炎大规模感染演习,上海,呵呵🤭,悠悠额外婆,0
台湾新北市举办全台首次新冠肺炎大规模感染演习,湖北武汉,可别弄假成真,ZHIKET,0
各国向中国提问抗疫经验，卫健委官员电话被打爆,重庆,为建设人类命运共同体，贡献中国智慧和中国力量！体现了中国对世界的承诺，体现了大国的担当！,冲锋舟010,0
各国向中国提问抗疫经验，卫健委官员电话被打爆,海南海口,有事没人帮，而且还笑话。他们有事就想找着人帮，凭什么？,Kc独堂,0
各国向中国提问抗疫经验，卫健委官员电话被打爆,广东广州,人类命运共同体！[赞][赞][赞]中国[good][good][good][good],sunshine7023,0
各国向中国提问抗疫经验，卫健委官员电话被打爆,湖北武汉,大国担当，毫无保留，分享抗疫经验！[good][good][good],神秘的北纬27度,0
各国向中国提问抗疫经验，卫健委官员电话被打爆,浙江金华,全球隔离14天？,寒冬的黄昏,0
各国向中国提问抗疫经验，卫健委官员电话被打爆,湖北武汉,我觉得中国应该印刷不同语言的防空资料发放给全世界,华昌_a57,0
各国向中国提问抗疫经验，卫健委官员电话被打爆,北京海淀,不仅仅要政府，还需要人民的支持，全民战疫,用户6911705571,0
各国向中国提问抗疫经验，卫健委官员电话被打爆,江苏南京,经验就是停工停课，不要出门，戴口罩，封城，你们能做到吗？,大盗步步,0
大快人心，终于有地方出重拳了！,北京,还要负担密切接触者得隔离费！还有如果传染给别人，被传染者医药费！,最近没杆法888,1293
大快人心，终于有地方出重拳了！,四川成都,最恶劣的就是瞒报的，唐山此法应该全国推行。,一网无钱的秘密,541
大快人心，终于有地方出重拳了！,浙江杭州,好，支持,妩媚七剑下天山,287
大快人心，终于有地方出重拳了！,河南三门峡,这才是负责态度。,yt_monkey,60
大快人心，终于有地方出重拳了！,广东梅州,通过这次疫情，国家要对传染病立法，,RSRX_2013,59
大快人心，终于有地方出重拳了！,贵州黔南布依族苗族自治州,郑州那位不是怕把签证浪费了吗？他闲着没事，除依法追究其刑责外，治疗费他自己承担。,刘臣平29704,57
大快人心，终于有地方出重拳了！,北京,应该上升为国家法律,用户7385778505,48
大快人心，终于有地方出重拳了！,河南郑州,力挺唐山市的决定，希望郑州马上跟进，立即出台入境、返境的具体措施。,用户7309085067,44
大快人心，终于有地方出重拳了！,山西,唐山的政策实际！在加上，瞒报者，负法律责任！判刑！坐牢！,honey春天来了1240,41
大快人心，终于有地方出重拳了！,北京,吃住治疗及医务人员的工资和服务费都应该由病毒传播者自付,donganhuai,38
大快人心，终于有地方出重拳了！,江苏镇江,支持，费用自理，外加3年刑期。,用户7384832799,35
大快人心，终于有地方出重拳了！,江西新余,外国人来华一律隔离并自费。瞒报者导致其他隔离人员的所有费用由此人全出，并处拘留。,zyq721108,33
大快人心，终于有地方出重拳了！,北京,我觉得这样还不够！应该：凡因私回国的人员治疗、隔离费用必须100%有个人承担，不管他隐瞒与否。低风险人员应该隔离28天以上。’尤其是我过疫情刚刚严重时跑出国外的，只要回来，要加倍收他的费用！,淘桃棒棒的,32
大快人心，终于有地方出重拳了！,广西柳州,支持！支持！支持！,流浪海儿2,30
大快人心，终于有地方出重拳了！,北京,只要不瞒报，就应该接受。持中国护照的，没有理由不让回国,用户5985601462,29
大快人心，终于有地方出重拳了！,江西南昌,唐山的这个举措，在目前严防境外疫情输入的情况下，特别值得全国推广，让隐瞒病情和旅行经历的人自己付费治疗，还要追究法律责任！,WULI3213,28
大快人心，终于有地方出重拳了！,黑龙江哈尔滨,不仅是本人所有治疗费用自理，而且被传染的人所有治疗费用，被隔离的接触者所有费用，也应该由刻意隐瞒接触史旅居史，顾意谎报病情者承担。,茶余饭后_91849,28
大快人心，终于有地方出重拳了！,河南鹤壁,唐山好样的,用户6799845312,27
大快人心，终于有地方出重拳了！,湖北武汉,建议把唐山的规定立法！,用户7381496053,27
大快人心，终于有地方出重拳了！,湖北襄阳,对，刚刚看到从美国回来的那个重庆女人，美国不给治新冠，竟然隐瞒患病真像，带着老公孩子坐飞机来中国，让一飞机的人在不知情的情况下都变成了她的密切接触者。这种人，该罚，重重的罚！,真楚狂,26
大快人心，终于有地方出重拳了！,河南漯河,郑州的郭某鹏治理费用、隔离费用也必须要求他自理，为什么他敢隐瞒，就是因为处罚太轻，如果不加重触犯，难免还会有人重犯,笑看云岚,25
大快人心，终于有地方出重拳了！,重庆,郑州跟上，并诉及以往,月亮石2,24
大快人心，终于有地方出重拳了！,北京,支持。,自然牛-1,23
大快人心，终于有地方出重拳了！,山东青岛,唐山政策我举双手赞成！全国向唐山学习！抄作业本！,QNDKLK,23
大快人心，终于有地方出重拳了！,湖北潜江,总之不能让瞒报者占国家的便宜，而要付出应有的代价。这是个原则。,ld123_72552,22
大快人心，终于有地方出重拳了！,北京,和“投毒”“纵火”性质一样！,ygy794ygy,22
大快人心，终于有地方出重拳了！,湖北武汉,现在全国都应该这么办！,用户7381496053,22
大快人心，终于有地方出重拳了！,江西九江,还得追究法律责任！,明渐2016,22
大快人心，终于有地方出重拳了！,重庆,为了制止自私任性，这个真该有。,礼貌呆仁,22
大快人心，终于有地方出重拳了！,山东淄博,支持！,用户6979105551,19
大快人心，终于有地方出重拳了！,福建福州,建议全国推广[good][good][good],ljh19691006,19
大快人心，终于有地方出重拳了！,天津,点赞唐山,职场小虫1011982280,18
大快人心，终于有地方出重拳了！,四川成都,全国都应如此！,用户7268424541,18
大快人心，终于有地方出重拳了！,山东烟台,好好好，唐山政府重拳出击，就应该这么干,用户7378430949,18
大快人心，终于有地方出重拳了！,山东青岛,早就该这样了,烟台智腾,17
大快人心，终于有地方出重拳了！,江苏盐城,强烈支持这一举措！,abc穿越火线,17
大快人心，终于有地方出重拳了！,湖北武汉,就应该这样[赞],轩哲2020,17
大快人心，终于有地方出重拳了！,北京,很赞同唐山的做法[good][good][good],987654322,16
大快人心，终于有地方出重拳了！,浙江台州,对隐病不报，损人害己者，是决不宽宥！,断书安,16
大快人心，终于有地方出重拳了！,上海,就该这么做！！！！,yajia_28194,16
大快人心，终于有地方出重拳了！,四川宜宾,希望明天起来，看到各地都执行！,用户w9kzf2htg1,16
大快人心，终于有地方出重拳了！,湖北武汉,中央政府要介入，所有境外抵达人士必须自费,用户7340568799,15
大快人心，终于有地方出重拳了！,浙江台州,支持唐山做法，严控境外瞒报疫情输入。,老梁浙江,15
大快人心，终于有地方出重拳了！,新加坡,生活在这片土地上的人已经做出了巨大牺牲，一定要对他们负责啊。,老客新来,13
大快人心，终于有地方出重拳了！,上海,除了自费以后还要上入境黑名单,JasonKittySerro,13
大快人心，终于有地方出重拳了！,江西吉安,成年人要对自己行为负责。,用户6360358559,12
大快人心，终于有地方出重拳了！,北京,对这种“宁教我负天下人”的人，应该“斩立决”！！！,ygy794ygy,12
大快人心，终于有地方出重拳了！,北京,真是太英明了，不但自费，还得重判！,最近没杆法888,12
大快人心，终于有地方出重拳了！,上海,为了祖国人民的安全，各地都要出重拳,qing2013yin_Nvr,12
大快人心，终于有地方出重拳了！,天津,对所有入境人员必须核酸检测和隔离十四天，航空公司加强人员防控措施、飞机上必须有隔离区，停止非公出国。,客嘉999,11
大快人心，终于有地方出重拳了！,四川成都,建议全国推广！！！[good][good][good],用户6368812792,11
大快人心，终于有地方出重拳了！,上海,可全国推广,东方一指,10
大快人心，终于有地方出重拳了！,山东济南,支持唐山！,jiangshanruhuatu,9
大快人心，终于有地方出重拳了！,四川成都,全国各省市都应该这样！还有与其接触的受害者所有费用也得摊在感染者身上！说实话，即使这样，还是会有人宁愿散尽家财往中国跑。总比在国外等死强。,水墨画1972,9
大快人心，终于有地方出重拳了！,青海,唐山这一措施非常好。建议全国施行。,山石200501,9
大快人心，终于有地方出重拳了！,湖南长沙,好办法 太支持了 必须全国实行啊,建筑空间摄影刘磊,9
大快人心，终于有地方出重拳了！,澳大利亚,诚实是美德，从领导做起！,一嘿呦,9
大快人心，终于有地方出重拳了！,北京,唐山的《通告》合理合规，赏罚分明，我竟然只有点赞！,点墨制夷,9
大快人心，终于有地方出重拳了！,上海,全国一次推广执行,秀秀i20609,8
大快人心，终于有地方出重拳了！,广东,必须严厉点，,霹雳帆,8
大快人心，终于有地方出重拳了！,云南昭通,完全正确，不幸感染和任性感染的区别就是任性感染必须要有代价！,sfzj226,8
大快人心，终于有地方出重拳了！,山东东营,支持！,文明校园在我行,7
大快人心，终于有地方出重拳了！,吉林辽源,因他产生的所有费用比如跟他密切接触者隔离，医护警察等工作人员的费用支出都应由他负责。,烟客2007,7
大快人心，终于有地方出重拳了！,广东,长沙在机场停机坪接收境外返回者方法可借鉴，空旷安全。,西蒙云,7
大快人心，终于有地方出重拳了！,北京,对，就该这样,用户6501659381,6
大快人心，终于有地方出重拳了！,北京,一看风头不对全跑回来了,park2526,6
大快人心，终于有地方出重拳了！,黑龙江哈尔滨,我提意，对于恶意隐瞒的，经查实。直接枪毙。,用户7412320966,6
大快人心，终于有地方出重拳了！,北京,支持！,用户7322511553,6
大快人心，终于有地方出重拳了！,云南昆明,这边拼命解决，那边不断涌入，永远搞不好。理应如此,14869感觉有点,5
大快人心，终于有地方出重拳了！,安徽阜阳,好，应该这样，这个是最低的，刻意隐瞒的良心是坏透的了,SDFFH45919,5
大快人心，终于有地方出重拳了！,江西吉安,重拳治瞒，肃清流毒。,水禾辉阳,5
大快人心，终于有地方出重拳了！,北京,还有因为他无辜被隔离和感染的人的费用。,用户6171391711,4
大快人心，终于有地方出重拳了！,黑龙江哈尔滨,下飞机直接隔离这是最好的办法,用户7397502557,4
大快人心，终于有地方出重拳了！,陕西榆林,健康码安全吗，没有漏洞吗？用熟人或亲人的绿色通行码是不是也可以？,用户0479278526,4
大快人心，终于有地方出重拳了！,湖北武汉,还是太过仁慈了！像这种人，根本不必仁慈，抓起来直接关进隔离间，不应治疗！,hanxg_china,3
大快人心，终于有地方出重拳了！,四川泸州,重吗?,为希2010,2
大快人心，终于有地方出重拳了！,上海,有关部门将入境须知用多种文字印刷成正规文件让每一个入境签字。这样将来就有有法可依。,染发剂1234,2
大快人心，终于有地方出重拳了！,辽宁沈阳,不是人道主义的话，瞒报的就让他自生自灭，花钱都不给他治疗。,用户5626944707,2
大快人心，终于有地方出重拳了！,江西南昌,唐山领导也被气到了！,太阳部落健身教练涛涛,1
大快人心，终于有地方出重拳了！,广东佛山,值得推广,中意钓鱼的猫,1
大快人心，终于有地方出重拳了！,河南南阳,支持,绿枝红叶黄花,1
大快人心，终于有地方出重拳了！,广东广州,还要判刑,用户5527159777,1
大快人心，终于有地方出重拳了！,广东深圳,大家都说这个举措好！得民心得民意！支持支持！再支持！,娟子爱琳琳,0
大快人心，终于有地方出重拳了！,浙江杭州,这个难道不是当然的吗？难道还要免费为他治疗？,sunnysunnysunny888,0
大快人心，终于有地方出重拳了！,河南郑州,这是常理，本该如此。对于缺乏道德底线，隐瞒旅行史，带给他人安全风险的入境者，法律不能逃，经济不能饶！,仙风居士869,0
大快人心，终于有地方出重拳了！,海南海口,这也不对吧，合规入境者就可以免除治疗费用吗？那全世界都跑来中国治病咋办？,树林里的一片菜地,0
大快人心，终于有地方出重拳了！,江苏苏州,支持,用户7406998768,0
大快人心，终于有地方出重拳了！,山东青岛,必须的。不能给这些坑害人民的畜生免费。,老王199309,0
大快人心，终于有地方出重拳了！,上海,为了自己，跑回来传染别人，,qing2013yin_Nvr,0
大快人心，终于有地方出重拳了！,山东济南,山东要跟上,id271,0
大快人心，终于有地方出重拳了！,天津,鬼标题,用户3823509606,0
大快人心，终于有地方出重拳了！,安徽阜阳,还有受影响者因隔离、因被传染误工而产生的经济损失，也要由瞒报者承担。,手机用户2845795167,0
推动国民党组织扁平化 江启臣倾向不设副主席,上海,多少暗桩多少装，此时已无国民腔，国被窃后戏尽散，满台都是民进党。,驴驴是我,5
推动国民党组织扁平化 江启臣倾向不设副主席,江西宜春,怎样搞都是一堆垃圾.,义术,5
推动国民党组织扁平化 江启臣倾向不设副主席,美国加利福尼亚州,国民党早该寿终正寝了！,用户5366517639,1
援鄂医疗队员因公殉职，国务院副总理孙春兰委托国家卫健委副主任赴当地处置善后,辽宁铁岭,好人遇难…总让人痛心不矣！,墨痴愚夫,216
援鄂医疗队员因公殉职，国务院副总理孙春兰委托国家卫健委副主任赴当地处置善后,安徽合肥,英雄，一路走好，严惩肇事者！,暖叔7314192268,182
援鄂医疗队员因公殉职，国务院副总理孙春兰委托国家卫健委副主任赴当地处置善后,湖北武汉,向英雄致敬！祈福！,方晓玲wuhan,124
援鄂医疗队员因公殉职，国务院副总理孙春兰委托国家卫健委副主任赴当地处置善后,湖北荆州,打败了新冠病毒，没躲过肇事司机。痛惜英年早逝，哀悼抗疫英雄！🙏 🙏 🙏,鱼鱼24001,52
援鄂医疗队员因公殉职，国务院副总理孙春兰委托国家卫健委副主任赴当地处置善后,山东济南,向英雄致敬！,生产队开会,41
援鄂医疗队员因公殉职，国务院副总理孙春兰委托国家卫健委副主任赴当地处置善后,上海,向英雄致敬，一路走好。,用户7385515188,34
援鄂医疗队员因公殉职，国务院副总理孙春兰委托国家卫健委副主任赴当地处置善后,广东茂名,壮志未酬身先死~长使英雄泪满襟~,埗头鱼,26
援鄂医疗队员因公殉职，国务院副总理孙春兰委托国家卫健委副主任赴当地处置善后,湖北荆门,请严惩肇事者 多么宝贵和年轻的生命 就这么走了,仅仅大头,17
援鄂医疗队员因公殉职，国务院副总理孙春兰委托国家卫健委副主任赴当地处置善后,孙家垄,白衣天使是当代最可爱的人！,想元_46413,17
援鄂医疗队员因公殉职，国务院副总理孙春兰委托国家卫健委副主任赴当地处置善后,山西太原,走好,半途行路人,13
援鄂医疗队员因公殉职，国务院副总理孙春兰委托国家卫健委副主任赴当地处置善后,湖北武汉,英雄一路走好！,Branson66,11
援鄂医疗队员因公殉职，国务院副总理孙春兰委托国家卫健委副主任赴当地处置善后,广西百色,生的伟大，死得光荣！,13977685022,10
援鄂医疗队员因公殉职，国务院副总理孙春兰委托国家卫健委副主任赴当地处置善后,,一路走好,心灵驿站201709,9
援鄂医疗队员因公殉职，国务院副总理孙春兰委托国家卫健委副主任赴当地处置善后,广西来宾,可惜！,春风可渡,9
援鄂医疗队员因公殉职，国务院副总理孙春兰委托国家卫健委副主任赴当地处置善后,江苏南京,有为青年，居然这样走了，家人得伤心成什么样？,nileforever,8
援鄂医疗队员因公殉职，国务院副总理孙春兰委托国家卫健委副主任赴当地处置善后,内蒙古呼和浩特,英雄 一路走好！,两心不语,8
援鄂医疗队员因公殉职，国务院副总理孙春兰委托国家卫健委副主任赴当地处置善后,吉林长春,人民的英雄,明月照如橙,7
援鄂医疗队员因公殉职，国务院副总理孙春兰委托国家卫健委副主任赴当地处置善后,北京,36岁？太可惜了。,观巫山云渡沧海水,6
援鄂医疗队员因公殉职，国务院副总理孙春兰委托国家卫健委副主任赴当地处置善后,安徽阜阳,一路走好，天堂平安！,小径青草,6
援鄂医疗队员因公殉职，国务院副总理孙春兰委托国家卫健委副主任赴当地处置善后,辽宁抚顺,倒在了交通事故下，太难过了[泪][泪],ldd1一号,5
援鄂医疗队员因公殉职，国务院副总理孙春兰委托国家卫健委副主任赴当地处置善后,北京,逆行有担当，一行壮志昂。 舍己为国家，战旗空中扬。 我欲将曙光，血洒疫疆场。 感慨亦心痛，人民心中装。,用户7376300322,5
援鄂医疗队员因公殉职，国务院副总理孙春兰委托国家卫健委副主任赴当地处置善后,上海,一路走好🙏🙏🙏,王业宏10,5
援鄂医疗队员因公殉职，国务院副总理孙春兰委托国家卫健委副主任赴当地处置善后,山西临汾,王烁，人民永远怀念你！,用户7346136254,5
援鄂医疗队员因公殉职，国务院副总理孙春兰委托国家卫健委副主任赴当地处置善后,香港,還那麼年輕😭,香港利物浦,5
援鄂医疗队员因公殉职，国务院副总理孙春兰委托国家卫健委副主任赴当地处置善后,湖北孝感,向英雄致敬[泪],烤奶啧啧啧,4
援鄂医疗队员因公殉职，国务院副总理孙春兰委托国家卫健委副主任赴当地处置善后,广西南宁,难过啊！奋战一线工作人员很辛苦，还有可能失去生命。英雄安息！,随便随便我说随便,4
援鄂医疗队员因公殉职，国务院副总理孙春兰委托国家卫健委副主任赴当地处置善后,上海,流泪了😭,用户7412772488,4
援鄂医疗队员因公殉职，国务院副总理孙春兰委托国家卫健委副主任赴当地处置善后,上海,一路走好,用户5342254289,3
援鄂医疗队员因公殉职，国务院副总理孙春兰委托国家卫健委副主任赴当地处置善后,安徽滁州,向英雄致敬！一路走好。,晴天常去看海,3
援鄂医疗队员因公殉职，国务院副总理孙春兰委托国家卫健委副主任赴当地处置善后,湖北武汉,好心痛！这么年轻优秀的小伙子！英雄一路走好！,欢乐维它命,2
援鄂医疗队员因公殉职，国务院副总理孙春兰委托国家卫健委副主任赴当地处置善后,山东青岛,英雄一路走好[泪],淘冬冬的乖老爸,1
援鄂医疗队员因公殉职，国务院副总理孙春兰委托国家卫健委副主任赴当地处置善后,陕西西安,致敬[泪][泪][泪][泪],用户7393658323,1
援鄂医疗队员因公殉职，国务院副总理孙春兰委托国家卫健委副主任赴当地处置善后,陕西西安,太多的遗憾，英雄走好！,朗艺陈铭,1
援鄂医疗队员因公殉职，国务院副总理孙春兰委托国家卫健委副主任赴当地处置善后,广西玉林,心痛,燕归来my,1
援鄂医疗队员因公殉职，国务院副总理孙春兰委托国家卫健委副主任赴当地处置善后,广东广州,痛心，疫情阻击手却殒于意外，致敬英雄,用户7377629059,1
援鄂医疗队员因公殉职，国务院副总理孙春兰委托国家卫健委副主任赴当地处置善后,上海,这都快回家了……[泪][泪][泪][泪],有人道,1
援鄂医疗队员因公殉职，国务院副总理孙春兰委托国家卫健委副主任赴当地处置善后,天津,心痛,噗昵称终于通过了,0
援鄂医疗队员因公殉职，国务院副总理孙春兰委托国家卫健委副主任赴当地处置善后,广东广州,家屬以後面臨很多問題。對他妻子·小孩以後的幾十年都可能會產生很嚴重的影響。（例如，“嚴重聲明我說的只是例如，絕對沒有其他意思”。小孩因爲父親的犧牲學業被耽誤了考不上某些大學，這是影響一生的。妻子又~~~，這也是影響一生的）。唉~~~希望政府能做點什麽吧！畢竟這個事情會影響家屬一生的。有些人會因某些打擊而沉淪一生。希望英雄的家屬不會這樣！！！痛心！人死不能復生。希望英雄的家屬化悲痛為力量承前繼后。努力工作和讀書，為自己以後好好的生活·為國家多作貢獻，這是對死去的英雄最好的安慰！這只是我個人的想法，不喜勿噴。,用户fcy17n3yzo,0
新冠病毒夏天会走？专家:温度不是决定性影响因素,四川宜宾,现在的南半球和热带地区的国家够热吧，他们好转的见鬼了,桑搡嗓,0
新冠病毒夏天会走？专家:温度不是决定性影响因素,浙江金华,为啥子不在全国所有室内用电热器加热空气呢，为啥不用电吹风热风吹鼻子吸热气呢，为啥不喷射酒精在鼻腔内呢，为啥不喝两口52度白酒呢,大内股神,0
新冠病毒起源成谜 三大疑团依然待解,河南许昌,援助意大利医疗队应收集意大利毒株资料加强研究,好大一棵树318,379
新冠病毒起源成谜 三大疑团依然待解,上海,美国最大生化武器基地德特里克堡，这不就是美国行的剧情么,JasonKittySerro,379
新冠病毒起源成谜 三大疑团依然待解,吉林通化,马来亚穿山甲和云南蝙蝠显然不可能有联系,罗伊D马斯坦,329
新冠病毒起源成谜 三大疑团依然待解,上海,这还用猜吗？大家大声回答我。😃😃😃,用户5875002413,326
新冠病毒起源成谜 三大疑团依然待解,湖北,中国医疗队应该走出去调查研究，美国能来中国调研，为什么我们不能去美国调研？意大利也可以去呀？不要守在家里防控，不学习别人的长处，不研究全球的病毒现状，怎么做好中国的疾病防控。,村长Zld0,250
新冠病毒起源成谜 三大疑团依然待解,贵州六盘水,真累，就不会问问在华南海鲜市场得病的这些人到底都买了些什么吃的,泗-貝簕,249
新冠病毒起源成谜 三大疑团依然待解,日本,最简单的就是美国敢不敢拿出去年那些被归类为“电子烟肺炎”的样本，测一下是否含有新冠病毒。美国为啥不敢测呢？？ 美国在掩盖什么呢？？,大雕东飞钓鱼岛,242
新冠病毒起源成谜 三大疑团依然待解,怡翠苑,相信国家，一定会有结果,微发社区,196
新冠病毒起源成谜 三大疑团依然待解,新疆乌鲁木齐,一些所谓的科学家就忙着发论文揣测，因为无能，所以甩锅,没有贫困人口,193
新冠病毒起源成谜 三大疑团依然待解,浙江杭州,其实只要世界卫生组织出面查一查美利坚去年8~9月流感死亡病例的症状就可以明白八九不离十了。,天涯海角_81104,187
新冠病毒起源成谜 三大疑团依然待解,河南郑州,邪恶的美国恶毒政客罪魁祸首，必须给出解释说明，,陈实金融,181
新冠病毒起源成谜 三大疑团依然待解,甘肃兰州,子弹乱飞，真相终究会水落石出。等着吧，M国最后将成众矢之的。,wklynn,124
新冠病毒起源成谜 三大疑团依然待解,广东深圳,不是有中国的医学专业人士说绝对不可能来自国外人为吗？难道是胡说八道？[挖鼻屎],用户189****0412,122
新冠病毒起源成谜 三大疑团依然待解,广东佛山,怎么就没有怀疑病毒来自于澳大利亚的森林大火的动物呢？,大明帝国玉器2013,107
新冠病毒起源成谜 三大疑团依然待解,陕西安康,总有水清石出的一天，天下人试目以待。,用户无相6251990453,102
新冠病毒起源成谜 三大疑团依然待解,江苏无锡,新冠状病毒的根源还找到，我们那些院士，科研人员努奋斗，放情得到控制。,康乃馨1191,41
新冠病毒起源成谜 三大疑团依然待解,重庆,这病毒美国就是发源地,米德卢维骑,37
新冠病毒起源成谜 三大疑团依然待解,福建厦门,我们需要真相,风铃叮当190319,3
新冠病毒起源成谜 三大疑团依然待解,贵州遵义,呵呵,用户7348085906,2
新冠病毒起源成谜 三大疑团依然待解,陕西西安,为啥😳,筱雨筱沫15453,1
新冠肺炎大流行：各国面对的同一张考卷,广西南宁,这样行不行，我国有丰富的医治经验，全国各地也很多空余的收治能力，我们向全世界提供有偿医疗服务，我们有钱赚同时也帮了全世界。,北海闪电不支持归化,323
新冠肺炎大流行：各国面对的同一张考卷,广西南宁,这样行不行，我国有丰富的医治经验，全国各地也很多空余的收治能力，我们向全世界提供有偿医疗服务，我们有钱赚同时也帮了全世界。,北海闪电不支持归化,323
新冠肺炎大流行：各国面对的同一张考卷,黑龙江哈尔滨,美国目前还在隐瞒3400万人感染，2万人死亡的真相，如果世界各国不加强协作共同抗疫，新冠肺炎大流行并不是危言耸听。,茶余饭后_91849,309
新冠肺炎大流行：各国面对的同一张考卷,黑龙江哈尔滨,美国目前还在隐瞒3400万人感染，2万人死亡的真相，如果世界各国不加强协作共同抗疫，新冠肺炎大流行并不是危言耸听。,茶余饭后_91849,309
新冠肺炎大流行：各国面对的同一张考卷,广西桂林,世界考卷哪国有资格出？疫情还没结束，就开始嘚瑟！,用户5635709518,238
新冠肺炎大流行：各国面对的同一张考卷,广西桂林,世界考卷哪国有资格出？疫情还没结束，就开始嘚瑟！,用户5635709518,238
新冠肺炎大流行：各国面对的同一张考卷,山东淄博,然而有人天天在谴责和幸灾乐祸，不能同舟共济吗？,九朝布衣,227
新冠肺炎大流行：各国面对的同一张考卷,山东淄博,然而有人天天在谴责和幸灾乐祸，不能同舟共济吗？,九朝布衣,227
新冠肺炎大流行：各国面对的同一张考卷,浙江杭州,其实美国人做的最好，毕竟他们最早从武汉撤侨，停飞，发旅游警告！只不过对自己过于自信，反而是误人误己。,老骥伏牛,225
新冠肺炎大流行：各国面对的同一张考卷,浙江杭州,其实美国人做的最好，毕竟他们最早从武汉撤侨，停飞，发旅游警告！只不过对自己过于自信，反而是误人误己。,老骥伏牛,225
新冠肺炎大流行：各国面对的同一张考卷,北京,疫情是一次大考，中国已经把一份95分的答卷公开了，全世界都可以抄，如果你抄个59分怪谁呢？如果你抄个20分，你就准备留级吧。,尘缘路遥32960,223
新冠肺炎大流行：各国面对的同一张考卷,北京,疫情是一次大考，中国已经把一份95分的答卷公开了，全世界都可以抄，如果你抄个59分怪谁呢？如果你抄个20分，你就准备留级吧。,尘缘路遥32960,223
新冠肺炎大流行：各国面对的同一张考卷,四川成都,美国就专心地应试吧，别三心二意的到处泼脏甩锅，特殊时期允许抄别人的，即便考不及格也不至于得零蛋。,taoqi2020,207
新冠肺炎大流行：各国面对的同一张考卷,四川成都,美国就专心地应试吧，别三心二意的到处泼脏甩锅，特殊时期允许抄别人的，即便考不及格也不至于得零蛋。,taoqi2020,207
新冠肺炎大流行：各国面对的同一张考卷,陕西西安,各个国家的国情不同，时间点和感染情况不一样，出发点也各异，所以有各种应对方法。这是适合各自国情的，当然也各有利弊，没有一个完美的方案。,popol,198
新冠肺炎大流行：各国面对的同一张考卷,陕西西安,各个国家的国情不同，时间点和感染情况不一样，出发点也各异，所以有各种应对方法。这是适合各自国情的，当然也各有利弊，没有一个完美的方案。,popol,198
新冠肺炎大流行：各国面对的同一张考卷,甘肃临夏回族自治州,疫情就像统考，同一张卷子，检验世界各国公共卫生防疫水平与应对能力。,bacherie-M,197
新冠肺炎大流行：各国面对的同一张考卷,甘肃临夏回族自治州,疫情就像统考，同一张卷子，检验世界各国公共卫生防疫水平与应对能力。,bacherie-M,197
新冠肺炎大流行：各国面对的同一张考卷,内蒙古呼和浩特,就服丹麦 5分钟交卷了 爱咋咋地,灵山老司机,184
新冠肺炎大流行：各国面对的同一张考卷,内蒙古呼和浩特,就服丹麦 5分钟交卷了 爱咋咋地,灵山老司机,184
新冠肺炎大流行：各国面对的同一张考卷,北京,该做好长期大流行的心理准备了。,全不知,162
新冠肺炎大流行：各国面对的同一张考卷,北京,该做好长期大流行的心理准备了。,全不知,162
新冠肺炎大流行：各国面对的同一张考卷,广东广州,胡说！中国先考，考完了告诉大家赶紧背，赶集复习！很多人懒得背，后考的成绩普遍比先考都差！还要考完的去考场辅导正在考试的！,寂寞剑客7,123
新冠肺炎大流行：各国面对的同一张考卷,广东广州,胡说！中国先考，考完了告诉大家赶紧背，赶集复习！很多人懒得背，后考的成绩普遍比先考都差！还要考完的去考场辅导正在考试的！,寂寞剑客7,123
新冠肺炎大流行：各国面对的同一张考卷,贵州贵阳,中国已经收官啦。用积累的经验，撑救世界。用超强的领导力，让世界佩服。这就是，世界命运共同体。,wuyong3333_3cf519,114
新冠肺炎大流行：各国面对的同一张考卷,贵州贵阳,中国已经收官啦。用积累的经验，撑救世界。用超强的领导力，让世界佩服。这就是，世界命运共同体。,wuyong3333_3cf519,114
新冠肺炎大流行：各国面对的同一张考卷,山西大同,分析的不错,用户6881459120,2
新冠肺炎大流行：各国面对的同一张考卷,山西大同,分析的不错,用户6881459120,2
新冠肺炎大流行：各国面对的同一张考卷,山西晋中,是为什么,用户7321402251,1
新冠肺炎大流行：各国面对的同一张考卷,山西晋中,是为什么,用户7321402251,1
新冠肺炎大流行：各国面对的同一张考卷,黑龙江,加油🇨🇳,麦香披萨店18844666610,0
新冠肺炎大流行：各国面对的同一张考卷,黑龙江,加油🇨🇳,麦香披萨店18844666610,0
新冠肺炎大流行：各国面对的同一张考卷,广西南宁,哎,苏九甜596,0
新冠肺炎大流行：各国面对的同一张考卷,江苏南京,美国等是自作自受,石头3316,0
新冠肺炎大流行：各国面对的同一张考卷,江苏南京,美国等是自作自受,石头3316,0
新冠肺炎大流行：各国面对的同一张考卷,北京,中国完胜！,青青的妈201602,0
新冠肺炎大流行：各国面对的同一张考卷,广西南宁,哎,苏九甜596,0
新冠肺炎大流行：各国面对的同一张考卷,北京,中国完胜！,青青的妈201602,0
武汉公布4例新增新冠肺炎病例来源,江西南昌,武汉市终于有闲工夫像其他省市卫生部门那样追踪单个病例了，好事，希望早日清零！,不会游泳的鱼tzb,491
武汉公布4例新增新冠肺炎病例来源,江西南昌,武汉市终于有闲工夫像其他省市卫生部门那样追踪单个病例了，好事，希望早日清零！,不会游泳的鱼tzb,491
武汉公布4例新增新冠肺炎病例来源,湖北武汉,好消息不断传来，坚守仍需继续，不到完胜决不收兵。,用户7394669833,271
武汉公布4例新增新冠肺炎病例来源,湖北武汉,好消息不断传来，坚守仍需继续，不到完胜决不收兵。,用户7394669833,271
武汉公布4例新增新冠肺炎病例来源,黑龙江,我们这里这个时期是有公布其两周内的详细活动轨迹的，以便于周围的人引起戒备,用户7353264187,239
武汉公布4例新增新冠肺炎病例来源,黑龙江,我们这里这个时期是有公布其两周内的详细活动轨迹的，以便于周围的人引起戒备,用户7353264187,239
武汉公布4例新增新冠肺炎病例来源,浙江绍兴,好。病人少了，让医护人员轮班，增加休息时间。说不定就反弹，或者许多国家向中国求援，求中国派医护人员支援，医护人员非常累的。要保护好他们。,无地可埋,209
武汉公布4例新增新冠肺炎病例来源,浙江绍兴,好。病人少了，让医护人员轮班，增加休息时间。说不定就反弹，或者许多国家向中国求援，求中国派医护人员支援，医护人员非常累的。要保护好他们。,无地可埋,209
武汉公布4例新增新冠肺炎病例来源,浙江,一例都不能新增继续防控,阿门-少年,206
武汉公布4例新增新冠肺炎病例来源,浙江,一例都不能新增继续防控,阿门-少年,206
武汉公布4例新增新冠肺炎病例来源,北京,查查小区四处活动的猫狗。香港只送检一例就发现感染，也就是100%的感染概率。别光查人了。,全不知,121
武汉公布4例新增新冠肺炎病例来源,北京,查查小区四处活动的猫狗。香港只送检一例就发现感染，也就是100%的感染概率。别光查人了。,全不知,121
武汉公布4例新增新冠肺炎病例来源,浙江杭州,传染源还没有全部隔离。,熊大快跑吖,117
武汉公布4例新增新冠肺炎病例来源,浙江杭州,传染源还没有全部隔离。,熊大快跑吖,117
武汉公布4例新增新冠肺炎病例来源,上海,会不会本来是其它病不舒服结果去医院做检查的时候又感染的？,用户7246669672,103
武汉公布4例新增新冠肺炎病例来源,上海,会不会本来是其它病不舒服结果去医院做检查的时候又感染的？,用户7246669672,103
武汉公布4例新增新冠肺炎病例来源,北京,越到快结束的时候，越不能松懈，加油！早日清零！[加油],每天都在困扰又忘了什么,54
武汉公布4例新增新冠肺炎病例来源,北京,越到快结束的时候，越不能松懈，加油！早日清零！[加油],每天都在困扰又忘了什么,54
武汉公布4例新增新冠肺炎病例来源,北京,多半是在医院给交叉感染了。,老夏201303,15
武汉公布4例新增新冠肺炎病例来源,北京,多半是在医院给交叉感染了。,老夏201303,15
武汉公布4例新增新冠肺炎病例来源,北京,武汉也可以做详细病例来源通报了！收尾的标志,矮大紧指东西南北,14
武汉公布4例新增新冠肺炎病例来源,山东济南,通过这例门诊把潜伏的隐患挖出来,水月阁主人,14
武汉公布4例新增新冠肺炎病例来源,山东济南,通过这例门诊把潜伏的隐患挖出来,水月阁主人,14
武汉公布4例新增新冠肺炎病例来源,北京,武汉也可以做详细病例来源通报了！收尾的标志,矮大紧指东西南北,14
武汉公布4例新增新冠肺炎病例来源,北京,特殊监管场所应该是监狱或者戒毒所，目前来看应该得到控制了。,老夏201303,12
武汉公布4例新增新冠肺炎病例来源,北京,所以呢武汉人民要看到希望，但不可松懈。虽然我是武汉人民我也快受不了了[允悲][允悲][允悲],GoodbyeMee,12
武汉公布4例新增新冠肺炎病例来源,北京,特殊监管场所应该是监狱或者戒毒所，目前来看应该得到控制了。,老夏201303,12
武汉公布4例新增新冠肺炎病例来源,北京,所以呢武汉人民要看到希望，但不可松懈。虽然我是武汉人民我也快受不了了[允悲][允悲][允悲],GoodbyeMee,12
武汉公布4例新增新冠肺炎病例来源,北京,加油，很快就可以清零一切恢复正常,金主哥,9
武汉公布4例新增新冠肺炎病例来源,北京,加油，很快就可以清零一切恢复正常,金主哥,9
武汉公布4例新增新冠肺炎病例来源,北京,他是怎么感染的呢[允悲]潜伏期两个月？,ball的野,8
武汉公布4例新增新冠肺炎病例来源,北京,他是怎么感染的呢[允悲]潜伏期两个月？,ball的野,8
武汉公布4例新增新冠肺炎病例来源,四川成都,门诊还有一例，说明外面还有感染者，还要小心,及时何去,8
武汉公布4例新增新冠肺炎病例来源,北京,武汉加油，早日清零,第100片枫叶,8
武汉公布4例新增新冠肺炎病例来源,北京,抓紧把小区封了,济南知青6812,8
武汉公布4例新增新冠肺炎病例来源,北京,抓紧把小区封了,济南知青6812,8
武汉公布4例新增新冠肺炎病例来源,北京,武汉加油，早日清零,第100片枫叶,8
武汉公布4例新增新冠肺炎病例来源,四川成都,门诊还有一例，说明外面还有感染者，还要小心,及时何去,8
武汉公布4例新增新冠肺炎病例来源,北京,北湖的那个人啥时候了还小区活动，一定是个大妈,有只荆棘鸟,7
武汉公布4例新增新冠肺炎病例来源,北京,北湖的那个人啥时候了还小区活动，一定是个大妈,有只荆棘鸟,7
武汉公布4例新增新冠肺炎病例来源,湖北武汉,不到最后决不收兵,时光机外星人,6
武汉公布4例新增新冠肺炎病例来源,辽宁沈阳,据通报，门诊患者住江汉区北湖街北湖西路两湖官邸小区，患者居家期间曾在小区内活动，不排除社区感染可能。这是一个防控有问题的小区呀，不应该再允许人员走动了，至少还要封闭28天吧。,庸仁傻脱,6
武汉公布4例新增新冠肺炎病例来源,北京,口罩戴了吗？现在武汉要外科，n95口罩比较好啊,滴答滴答小雨滴楠楠,6
武汉公布4例新增新冠肺炎病例来源,北京,口罩戴了吗？现在武汉要外科，n95口罩比较好啊,滴答滴答小雨滴楠楠,6
武汉公布4例新增新冠肺炎病例来源,湖北武汉,不到最后决不收兵,时光机外星人,6
武汉公布4例新增新冠肺炎病例来源,辽宁沈阳,据通报，门诊患者住江汉区北湖街北湖西路两湖官邸小区，患者居家期间曾在小区内活动，不排除社区感染可能。这是一个防控有问题的小区呀，不应该再允许人员走动了，至少还要封闭28天吧。,庸仁傻脱,6
武汉公布4例新增新冠肺炎病例来源,天津,武汉人只能还得坚持。,YLQJSHBKDZZHSL,5
武汉公布4例新增新冠肺炎病例来源,天津,武汉人只能还得坚持。,YLQJSHBKDZZHSL,5
武汉公布4例新增新冠肺炎病例来源,浙江杭州,武漢勝，[good]湖北勝[good]湖北勝[good]全國勝利[good][good][good],铁甲战神老兵,4
武汉公布4例新增新冠肺炎病例来源,浙江杭州,武漢勝，[good]湖北勝[good]湖北勝[good]全國勝利[good][good][good],铁甲战神老兵,4
武汉公布4例新增新冠肺炎病例来源,湖北武汉,北湖怎么感染的,l600100,4
武汉公布4例新增新冠肺炎病例来源,湖北武汉,北湖怎么感染的,l600100,4
武汉公布4例新增新冠肺炎病例来源,北京,[拳头][拳头],茶树015,2
武汉公布4例新增新冠肺炎病例来源,北京,[拳头][拳头],茶树015,2
武汉公布4例新增新冠肺炎病例来源,北京,赶快清零，想出去上班了[允悲],万能的大熊猫,2
武汉公布4例新增新冠肺炎病例来源,北京,赶快清零，想出去上班了[允悲],万能的大熊猫,2
武汉公布4例新增新冠肺炎病例来源,北京,这个好。,繁花似锦春来也,1
武汉公布4例新增新冠肺炎病例来源,广东广州,武汉疫情结束后，雷神山火神山医院可以考虑收费救治境外患者，顺便把建设成本赚回来,謝之峯,1
武汉公布4例新增新冠肺炎病例来源,广东广州,武汉疫情结束后，雷神山火神山医院可以考虑收费救治境外患者，顺便把建设成本赚回来,謝之峯,1
武汉公布4例新增新冠肺炎病例来源,北京,这个好。,繁花似锦春来也,1
武汉公布4例新增新冠肺炎病例来源,湖北武汉,新增确诊今天比昨天又少了一个，千万不能放松啊，武汉人民,熊熊在金口,1
武汉公布4例新增新冠肺炎病例来源,山东东营,武汉的路还很长！,文明校园在我行,1
武汉公布4例新增新冠肺炎病例来源,山东东营,武汉的路还很长！,文明校园在我行,1
武汉公布4例新增新冠肺炎病例来源,湖北武汉,新增确诊今天比昨天又少了一个，千万不能放松啊，武汉人民,熊熊在金口,1
武汉公布4例新增新冠肺炎病例来源,北京,胜利就在眼前，加油中国人,徐小寒U,0
武汉公布4例新增新冠肺炎病例来源,北京,牛逼4例,专炸粉蛆yes,0
武汉公布4例新增新冠肺炎病例来源,北京,痹……很………烫………………………………………………………………………………………………………f,悠悠620721896,0
武汉公布4例新增新冠肺炎病例来源,北京,加油马上清零[拳头],凯MrsL,0
武汉公布4例新增新冠肺炎病例来源,北京,又是社区感染,幻觉欢笑声,0
武汉公布4例新增新冠肺炎病例来源,北京朝阳,武汉的朋友再坚持二三个月吧，不能大意,用户7091943353,0
武汉公布4例新增新冠肺炎病例来源,山东青岛,首诊429例，？,用户7389370339,0
武汉公布4例新增新冠肺炎病例来源,福建福州,0疑似太好了！,用户6898620049,0
武汉公布4例新增新冠肺炎病例来源,浙江杭州,sa p y,小小牙匠super,0
武汉公布4例新增新冠肺炎病例来源,北京,每天打卡支持,素书斋主人,0
武汉公布4例新增新冠肺炎病例来源,浙江杭州,sa p y,小小牙匠super,0
武汉公布4例新增新冠肺炎病例来源,北京,胜利就在眼前，加油中国人,徐小寒U,0
武汉公布4例新增新冠肺炎病例来源,福建福州,0疑似太好了！,用户6898620049,0
武汉公布4例新增新冠肺炎病例来源,北京,又是社区感染,幻觉欢笑声,0
武汉公布4例新增新冠肺炎病例来源,北京,加油马上清零[拳头],凯MrsL,0
武汉公布4例新增新冠肺炎病例来源,北京,痹……很………烫………………………………………………………………………………………………………f,悠悠620721896,0
武汉公布4例新增新冠肺炎病例来源,北京,每天打卡支持,素书斋主人,0
武汉公布4例新增新冠肺炎病例来源,北京,牛逼4例,专炸粉蛆yes,0
武汉公布4例新增新冠肺炎病例来源,北京,武汉加油,不忘初心990331,0
武汉公布4例新增新冠肺炎病例来源,北京朝阳,武汉的朋友再坚持二三个月吧，不能大意,用户7091943353,0
武汉公布4例新增新冠肺炎病例来源,山东青岛,首诊429例，？,用户7389370339,0
武汉公布4例新增新冠肺炎病例来源,北京,武汉加油,不忘初心990331,0
武汉疫情初期 网络直报系统为何失灵？,四川成都,不可能所有的都是已知病啊？如果不是，难道就不能填写未知传染病？其实未知的危险系数也许更高！,用户7315415006,97
武汉疫情初期 网络直报系统为何失灵？,北京,这些人该枪毙,用户7378154547,62
武汉疫情初期 网络直报系统为何失灵？,四川成都,你知道报告要不要审批？,剑君929,43
武汉疫情初期 网络直报系统为何失灵？,吉林长春,不管是啥病，基层医院发现多人发病而且有传染性，已经上报，为什么还拖那些天，有直报系统不用，都装大尾巴狼，可防可控，仔细算算耽误了多久，发病初期，传染性强，耽误一天会有多大后果，有多少人没有得到救治身亡，还得有名字，还得有标本，真是站着说话不腰疼，几秒钟就能传染的病毒等你们起个名字，再研究标本定性，把疫苗研究出来再重视得了呗！几千人的生命就在几十天就没了，还有那些优秀的不该逝去的医务工作者，谁给他们说法。,用户hanjie红枫叶,26
武汉疫情初期 网络直报系统为何失灵？,新加坡,直报系统就是要让国家级CDC第一时间获得疫情通报，既可避免瞒报也可快速反应，或者甄别或者采取行动。如果等什么都搞清楚了才逐级上报，黄花菜都凉了。,老客新来,16
武汉疫情初期 网络直报系统为何失灵？,湖北武汉,这种新型病毒传播到了武汉，不能责怪疾控中心，更不能责怪医院医生和护士，她们都从来没人遇见过这类新型病毒，也无法估计病毒的传染途径和病毒如此厉害，疾控系统是人设计的，医院的教授医生护士也是人而不是神，我个人认为不应该指责疾控系统，更不能指责医院的教授和医生。面对这突然出现的新型病毒谁都拿不定把握，谁都不敢随便下定论。,信善徒行者,12
武汉疫情初期 网络直报系统为何失灵？,广东深圳,一个字，乱！没有正规培训，正规申报权力，正规申报规范，地方领导的麻痹,用户3445985210,9
武汉疫情初期 网络直报系统为何失灵？,湖北咸宁,呵呵,方圆挺住,8
武汉疫情初期 网络直报系统为何失灵？,四川,社会性共性问题，这次疫情体现得淋漓尽致！代价太大了，是应该好好整治，根治了，否则…,小小小小不点-2002,8
武汉疫情初期 网络直报系统为何失灵？,上海,只要有群居性的疾病就应该引起高度警惕,用户6069026820,8
武汉疫情初期 网络直报系统为何失灵？,山东东营,说到底。各自为政。CDC的医生不干临床，制定出一台脱离临床医生的上报系统。临床医生不屑于CDC传报系统。更多的是没时间干这种填表的工作。一个为传染病防治法服务，一个为了治病救人实用主意者，说到底，CDC没权限更没有权威，CDC的大学生医生指挥博士毕业的临床医生，这套体系能顺畅吗？再就是CDC现在成了弱势群体，都是同班同学，一个考不上临床医学研究生的大学生，去了CDC，一个博士毕业的临床医学医生去了三甲医院，你们说让CDC的同学指挥三甲医院同学干这活干那活，能顺畅吗？,用户7366866281,7
武汉疫情初期 网络直报系统为何失灵？,北京,这篇文章说到了问题的核心,用户7356254282,7
武汉疫情初期 网络直报系统为何失灵？,辽宁铁岭,…只要肯倒查，一切就会水落石出！拭目以待吧！,墨痴愚夫,6
武汉疫情初期 网络直报系统为何失灵？,江西九江,因为未知就不上报，这显然就是典型的官僚主义了，因为不懂，所以你说的再严重，他们也不相信专家的专业判断，主观的认为不严重，不会有事,明渐2016,5
武汉疫情初期 网络直报系统为何失灵？,日本,很简单，因为美国总统直到3月初，还称这个病毒是流感。向美国学习，自然导致轻视疫情。。。,大雕东飞钓鱼岛,4
武汉疫情初期 网络直报系统为何失灵？,浙江温州,作者是不是写简单点，,APEC蓝天04514,4
武汉疫情初期 网络直报系统为何失灵？,上海,接到疫情报告、第一批专家组去年12月30日到达武汉！,用户3697248837,3
武汉疫情初期 网络直报系统为何失灵？,陕西西安,一失足成千古恨,用户6618473097,2
武汉疫情初期 网络直报系统为何失灵？,北京,传染病的防治强调的都是早期介入，这话说的没错，但是早期介入是要有符合条件的医疗资源的，如符合要求的隔离病房，足够的防护服，正确穿戴防护服的方法，这些技术条件武汉市有几条？早期介入当然对，但不仅仅是有些信息，技术条件更重要！,用户7059892048,2
武汉疫情初期 网络直报系统为何失灵？,四川成都,现在疫情基本得到遏制了，必须开展全部、深入的刑事调查,侠客敏,1
武汉疫情初期 网络直报系统为何失灵？,上海,有直报系统不用，还不是搞形式主义，担心自己的饭碗和前途,用户7015939730,1
武汉疫情初期 网络直报系统为何失灵？,北京,见到传染性很强的病人，医院没有上级的指示难道不知道自己该做什么吗？至少有些医院是有感染科的。但是，医院感染科的医护都知道该怎么做吗？,用户7059892048,0
武汉疫情初期 网络直报系统为何失灵？,四川成都,如果将按病名上报，改为按症状上报，是不是更详细，更能避免各级压力？一种病有多个症状，同样症状的病人突然多起来，不就是预警信号吗？,天天瞎转悠的鹰,0
民政部回应滞留武汉人员救助：可领临时补助金,广东惠州,困难大家都有，发放不能因人而异 ......,智慧基因,373
民政部回应滞留武汉人员救助：可领临时补助金,河北张家口,乍一看一千六百多万，一平均每人才2756元,後會有期gxw,316
民政部回应滞留武汉人员救助：可领临时补助金,湖北武汉,我也申请了，社区给我回电话说要各种困难证明！比如你家住平房实在困难让村里开证明，你来武汉看病滞留回不去，或者你带老人孩子来看重病被滞留在武汉这些证明才可以领取补助[衰]我们最底层的想领补助是不可能的了，新闻看就好了！,love艳86,283
民政部回应滞留武汉人员救助：可领临时补助金,江苏盐城,这是一场没有硝烟却危及所有生命的恐怖战争，一切听从国家的指挥！,离岸银行帐户-银行信用贷款,279
民政部回应滞留武汉人员救助：可领临时补助金,河南焦作,祈福平安❤️❤️❤️,踏雪寻梅姐姐,277
民政部回应滞留武汉人员救助：可领临时补助金,陕西西安,不用发现金，关好吃住行就行了。,用户3607938977,270
民政部回应滞留武汉人员救助：可领临时补助金,湖南长沙,那么湖北在外省不能回去的呢？一样不能工作，是否也能补贴？,花果山886,266
民政部回应滞留武汉人员救助：可领临时补助金,湖南郴州,全国各地都一样，没收入没低保为支持抗疫呆在家里的人，国家也应考虑发放一点救济金！,福罡2020,266
民政部回应滞留武汉人员救助：可领临时补助金,山东临沂,做的好，希望落实好。,舂天,258
民政部回应滞留武汉人员救助：可领临时补助金,湖北武汉,湖北武汉的本地人呢？不是一样封了这么久？怎么没有补助？,用户6866155293,246
民政部回应滞留武汉人员救助：可领临时补助金,上海,全国支援武汉，那是救急，知恩吧，不要给国家出难题,用户6441374882,230
民政部回应滞留武汉人员救助：可领临时补助金,山西晋中,苛刻的领取条件，除了发言人的信誓旦旦和慷慨激词！,九朝布衣,225
民政部回应滞留武汉人员救助：可领临时补助金,湖北黄冈,[黑线]黄冈怎么没有  那放我们这些人回去吧  还带着个孩子  没钱怎么过,橘子味汽水8,208
民政部回应滞留武汉人员救助：可领临时补助金,湖北武汉,哪些本地的人呢？没收入来源 没低保 社保 有没有呢？这么久的时间 在家里吃的啥,用户6941897334,172
民政部回应滞留武汉人员救助：可领临时补助金,湖北武汉,那么滞留湖北省别的地方的呢？什么都没有,喝着烈酒心里凉,140
民政部回应滞留武汉人员救助：可领临时补助金,湖北武汉,1609.8万元生活补助资金明细到个人可否在线公示！,用户7377846262,131
民政部回应滞留武汉人员救助：可领临时补助金,河南郑州,一视同仁的对待，为武汉做法点赞,欲晓天下,126
民政部回应滞留武汉人员救助：可领临时补助金,广东广州,不知武汉还有睡地下通道，睡公园的流浪打工者沒有！,用户6615707985,113
民政部回应滞留武汉人员救助：可领临时补助金,新疆乌鲁木齐,给钱当下容易起纷争，还在给他们安排住宿为好。,jh956,109
民政部回应滞留武汉人员救助：可领临时补助金,江西南昌,他们可以隔离观察，可以检测，为什么不让他们回家？,用户6399408748,101
民政部回应滞留武汉人员救助：可领临时补助金,广东深圳,我只能说这些滞留人员真是命大能熬到今天？,用户5937955424,95
民政部回应滞留武汉人员救助：可领临时补助金,上海,蛮好的呀！应该的，因为他们肯定用了许多钱哦，又回不去自己家！,用户6486171429,62
民政部回应滞留武汉人员救助：可领临时补助金,湖北武汉,那滞留武汉以外，其他湖北地区呢？封的时候一块封的，现在就只管武汉？,悠然的嘛嘛,58
民政部回应滞留武汉人员救助：可领临时补助金,江西南昌,自疫情爆发以来，国家从来就没放弃过一个人，生在这个伟大的国度，是我们的骄傲。,Wolf225,56
民政部回应滞留武汉人员救助：可领临时补助金,澳大利亚,什么时候可以出武汉？！,用户5713659231,49
民政部回应滞留武汉人员救助：可领临时补助金,湖南,真的是我们伟大的祖国,A紫花狸,46
民政部回应滞留武汉人员救助：可领临时补助金,黑龙江哈尔滨,国家政府爱人民，人民也爱祖国，热爱党，在这危难时刻，人民愿意捐款助力永远和祖国在一起,用户6294518050,46
民政部回应滞留武汉人员救助：可领临时补助金,湖北荆门,湖北其他没解封的城市呢,槑話聯,41
民政部回应滞留武汉人员救助：可领临时补助金,辽宁沈阳,没有共产党就没有新中国🇨🇳他领导中国🇨🇳走向光明！这首歌听了世代子孙[鼓掌][鼓掌][鼓掌][鼓掌][鼓掌],用户5630406735,36
民政部回应滞留武汉人员救助：可领临时补助金,暖山·西安,还是中国好，社会主义国家棒棒哒,冰凌-2019,29
民政部回应滞留武汉人员救助：可领临时补助金,湖北武汉,有直系亲属在武汉有房子的就不属于补贴发放人员,嘿嘿嘿呦嘿嘿嘿,27
民政部回应滞留武汉人员救助：可领临时补助金,浙江宁波,建议用支付宝，或者微信，笔笔明细看得见。,不好就得怼,27
民政部回应滞留武汉人员救助：可领临时补助金,山东济南,不是武汉的人为什么不能有补助金，在家隔离的这两个月，村不让出，每天一家好几口人呆在家里，光吃光喝就好多钱，更别说其他贷款啥的了，还没有收入，也没有口罩可以领，更没有医护人员来家里测量体温喷洒消毒液，非滞留武汉人员同样没有工作没有收入，生活困难[感冒]在家里吃喝等s的感觉,續寫青春23,25
民政部回应滞留武汉人员救助：可领临时补助金,黑龙江哈尔滨,国家政府爱人民，对滞留武汉的人员给予补助，这是党和政府的关心，我看了也深感温暖。,用户6294518050,24
民政部回应滞留武汉人员救助：可领临时补助金,湖北咸宁,最好的解决办法是让他们有序离开！不要再伤这部分人的心了！他们的付出和牺牲值得大家的尊重和帮助！,仰望风中的云,24
民政部回应滞留武汉人员救助：可领临时补助金,浙江金华,厉害了我的祖国，给您点赞,用户7413014180,24
民政部回应滞留武汉人员救助：可领临时补助金,陕西西安,伟大祖国真的像妈妈一样，每个孩子都照顾的这么周到，真的为自己生在这个伟大的国度感到无比自豪！我爱我的祖国！我是中国人我骄傲！,祥祥也,24
民政部回应滞留武汉人员救助：可领临时补助金,湖北孝感,湖北除武汉，其他市呢，都有不能外出务工的人员啊。,时光爱念旧,23
民政部回应滞留武汉人员救助：可领临时补助金,上海,武汉滞留外地的呢？是不是也应该有补贴,Koala小昕,21
民政部回应滞留武汉人员救助：可领临时补助金,湖北,为什么武汉补助，湖北武汉以外的地区就不管！什么道理！,用户7321219224,20
民政部回应滞留武汉人员救助：可领临时补助金,广东广州,好的好的政府必须岀手关心一下,南雁飞云,13
民政部回应滞留武汉人员救助：可领临时补助金,安徽合肥,应该给这个群体一份关爱，补助太少了点。,木杉199211,9
民政部回应滞留武汉人员救助：可领临时补助金,四川南充,留学生每年十万,请不要做nc粉,5
民政部回应滞留武汉人员救助：可领临时补助金,湖北武汉,滞留五十多天，3000元救助金买断型补助，而且基层部门各自说辞。标准不一。我有发言权，我就是滞留者之一。！,李s酒,4
民政部回应滞留武汉人员救助：可领临时补助金,江西南昌,正确，别没被病毒干掉，却倒在饥饿的路上！,知向谁边不知向谁边,2
民政部回应滞留武汉人员救助：可领临时补助金,河北邯郸,人文关怀,shiziliyiyi,2
民政部回应滞留武汉人员救助：可领临时补助金,湖北孝感,为什么不让他们回家,转动2016,2
民政部回应滞留武汉人员救助：可领临时补助金,广东茂名,是的,用户6732122803,1
民政部回应滞留武汉人员救助：可领临时补助金,海南三亚,太少了！,手机用户2138668398,1
民政部回应滞留武汉人员救助：可领临时补助金,福建福州,每人2700元,微信15692100951,1
民政部回应滞留武汉人员救助：可领临时补助金,浙江宁波,补助标准是怎样？,吹水的杰少,1
民政部回应滞留武汉人员救助：可领临时补助金,湖北武汉,滞留荆州两个多月，浙江也不接收，回去要自费隔离14天，该怎么办,居居Shen,1
民政部回应滞留武汉人员救助：可领临时补助金,贵州铜仁,治疗全免费，滞留还能领取补助，没有哪个国家能向我们祖国这样强大，身为中国人，我骄傲。,莲子清如水yf,1
民政部回应滞留武汉人员救助：可领临时补助金,江西南昌,人性关怀，伟大,用户6101386278,1
民政部回应滞留武汉人员救助：可领临时补助金,湖北仙桃,湖北其他地区呢？,大大大吃huo,1
民政部回应滞留武汉人员救助：可领临时补助金,湖北武汉,我是一名留汉的大学生，前几天去社区问了，说只针对进的农名工，说我们不符合条件，还说让我们坚持一下,失忆996616,0
民政部回应滞留武汉人员救助：可领临时补助金,上海,滞留在外地回不了家的武汉人怎么办？,武汉天空赛车,0
民政部回应滞留武汉人员救助：可领临时补助金,广东东莞,中国棒棒哒,miss1025520,0
民政部回应滞留武汉人员救助：可领临时补助金,比利时,应该的,用户6474539530,0
民政部回应滞留武汉人员救助：可领临时补助金,湖北武汉,我是贫困户能领吗,--找不到家的蜗牛,0
民政部回应滞留武汉人员救助：可领临时补助金,湖北武汉,暖意中国！,用户尽享人生,0
民政部回应滞留武汉人员救助：可领临时补助金,云南昆明,挺好,白棱镜-简爱,0
民政部回应滞留武汉人员救助：可领临时补助金,河北石家庄,谢谢,城小很nice,0
民政部回应滞留武汉人员救助：可领临时补助金,湖北武汉,能不能公示岀来？,Afeng将军1985,0
民政部回应滞留武汉人员救助：可领临时补助金,福建宁德,一天发多少呀,千山a暮雪,0
民政部回应滞留武汉人员救助：可领临时补助金,河南焦作,👍,踏雪寻梅姐姐,0
民政部回应滞留武汉人员救助：可领临时补助金,辽宁沈阳,难难难,灵魂的脚步,0
民政部回应滞留武汉人员救助：可领临时补助金,浙江温州,湖北其他地方有吗？还是只有武汉的,__XuyYing,0
泉州鲤城区四套班子领导，为坍塌事故遇难者默哀,北京,就没有站出来承担责任的么？,用户7412976947,108
泉州鲤城区四套班子领导，为坍塌事故遇难者默哀,湖南长沙,用危房害人，比病毒还恶。,不能沉默不语,83
泉州鲤城区四套班子领导，为坍塌事故遇难者默哀,河北秦皇岛,道歉默哀管用的话还要法律做什么。,名叫小龙,46
泉州鲤城区四套班子领导，为坍塌事故遇难者默哀,北京,如何赔偿，谁来担责，如果系统性检查所有可能有违章的其它酒店？这些才是大家更关心了，那一家五口全都失去了生命，损失是无比巨大的,徐广宇,13
泉州鲤城区四套班子领导，为坍塌事故遇难者默哀,北京,痛定思痛？谁还在痛？谁已经定了？,不太个性化,8
泉州鲤城区四套班子领导，为坍塌事故遇难者默哀,广西玉林,谁把这个酒店定位隔离的，必须严查。,chenjiayuan2005,5
泉州鲤城区四套班子领导，为坍塌事故遇难者默哀,北京,事故后首次见到该市头面父母官出面。,用户7059892048,4
泉州鲤城区四套班子领导，为坍塌事故遇难者默哀,山东青岛,泉州市呢？？？,北迁,3
洪森高度赞赏中国高效的防控疫情行动,江苏连云港,柬埔寨也很好，能够接受游船，获得了世界赞扬。,色散的白,11
洪森高度赞赏中国高效的防控疫情行动,广东江门,我极度赞赏洪森同志的勇气和幸运，面对新冠屹立不倒！,Kelin516,7
洪森高度赞赏中国高效的防控疫情行动,吉林长春,老洪 真猛。,用户6280271435,0
湖北孝感发文：城区私家车单双号通行,北京,“实行单号单日通行、双号双日通行。”不公平，一个月有31天，单号多一天,欧阳山爱项蕾一万年4444444444,3
湖北孝感发文：城区私家车单双号通行,上海,孝感多少天没有新增病例了？确定安全了么？这么快放行对全国负责么,用户6197353734,1
湖北孝感发文：城区私家车单双号通行,黑龙江绥化,比我们黑龙江省安达市还大胆啊，我们这里还没允许私家车上道呢，你们咋这么不负责任啊？,玩着玩着就扬土,0
湖北除武汉外治愈出院比例92.7%,山西晋中,需要继续跟踪，非典患者治愈后，好多遗留症而生活在痛苦中,九朝布衣,2
湖北除武汉外治愈出院比例92.7%,江苏盐城,"还是很牛鼻的...江苏0死亡,牛鼻的",球球球球迷_tvu,1
湖北除武汉外治愈出院比例92.7%,江苏盐城,这是一场没有硝烟却危及所有生命的恐怖战争，最终胜利的是我们！,离岸银行帐户-银行信用贷款,0
湖北除武汉外治愈出院比例92.7%,广西百色,中国万岁！中医威武！[good][good][good],道医小阳,0
湖南新冠肺炎确诊患者清零，最后一例今天出院！,山东东营,热烈祝贺湖南省！,文明校园在我行,7
湖南新冠肺炎确诊患者清零，最后一例今天出院！,吉林松原,从1018例到清零，湖南的效率和成绩真不错。,悠然清风yr,6
湖南新冠肺炎确诊患者清零，最后一例今天出院！,贵州贵阳,正在报道岳阳发现多名无症状感染者。别高兴太早。,wuyong3333_3cf519,3
湖南新冠肺炎确诊患者清零，最后一例今天出院！,北京,过两天就有海外回来的,我们大家_2728,1
湖南长沙新冠肺炎确诊病例“清零”,山东德州,厉害了,丟孒圉湢哋尒熋,6
湖南长沙新冠肺炎确诊病例“清零”,重庆,武汉加油[允悲],Lovers哈哈,1
湖南长沙新冠肺炎确诊病例“清零”,湖南长沙,棒棒哒,夜猫子_tina,0
湖南长沙新冠肺炎确诊病例“清零”,南湖明珠,领先广东,用户2627133863,0
澎湃评论：隔离措施的相关法律需要优化,浙江湖州,有些问题我还必须及时更正说明。任何一个个体，在进医院和居家隔离，都属于自费。不存在国家补助。拿国家一些宪法压治人民。因为没有经济利益，也就不存在越界和违法。而且目前我所知道的是。多数家庭以失业没有生活来源。不复工复产，可能再出现第二个60年地标准年代。我①点儿也不吓唬人。我今年50周岁。,用户7411800999,4
澎湃评论：隔离措施的相关法律需要优化,浙江杭州,你讲了那么多法律。问题是：如果居家隔离，不自觉的人溜出来，传染了，一个小区乃至一个城区又要封闭一个月。你不是说封闭久了人要疯掉吗？,sunnysunnysunny888,1
澎湃评论：隔离措施的相关法律需要优化,广东深圳,支持法律条例细化和规范化，宁可法例繁冗，胜过无法可依。对待法律问题，像查字典一样查条例，严格按照条文操作，不夸张。,盒装饼干1,0
火神山医院新闻发言人亮相,北京,火神山医院真牛！新闻发言人是大校军衔，跟国防部发言人同一级别。,尘缘路遥32960,7
火神山医院新闻发言人亮相,广东,我一介匹夫，后悔没有当两年义务兵。,wuziwen0756,6
火神山医院新闻发言人亮相,重庆,加油中国🇨🇳,Lovers哈哈,5
火神山医院新闻发言人亮相,江苏徐州,赞一个,香香20110902,1
火神山医院新闻发言人亮相,北京,人民好卫士,向阳生长的金银花,1
紧邻湖北却无一确诊病例 这地方怎么做到的？,广东韶关,说明没什么来往，要有来往，你防不住，年前就回去好多病例了,weawwa,201
紧邻湖北却无一确诊病例 这地方怎么做到的？,贵州贵阳,戴口罩，勤通风，勤洗手。,wuyong3333_3cf519,186
紧邻湖北却无一确诊病例 这地方怎么做到的？,北京,他们的防控措施有什么可骄傲的吗？没有确诊病例是幸运而已。,尘缘路遥32960,151
紧邻湖北却无一确诊病例 这地方怎么做到的？,山东潍坊,典型又立起来了，加大推广宣传[哈哈][哈哈],密州东科,99
紧邻湖北却无一确诊病例 这地方怎么做到的？,广东广州,这个怎么说呢，值得表扬但是没有必要过多宣扬，我大云浮也没有[笑cry],七重变形体,90
紧邻湖北却无一确诊病例 这地方怎么做到的？,上海,看起来好像很简单，但管理人员很尽责，当地的人民很配合，事情就好办的多了，效果也会很明显。,kedongh,55
紧邻湖北却无一确诊病例 这地方怎么做到的？,湖南衡阳,走时运,用户白头翁不怕老,19
紧邻湖北却无一确诊病例 这地方怎么做到的？,江西南昌,做得好,爱我梁万年,3
紧邻湖北却无一确诊病例 这地方怎么做到的？,湖南常德,赞,Balderdash19,3
紧邻湖北却无一确诊病例 这地方怎么做到的？,广东广州,与河南人没什么交往,天雨鬼夜,2
紧邻湖北却无一确诊病例 这地方怎么做到的？,江西景德镇,工作踏实细致。,用户7395875833深巷陈酿,0
紧邻湖北却无一确诊病例 这地方怎么做到的？,吉林松原,9,用户7267207973,0
紧邻湖北却无一确诊病例 这地方怎么做到的？,湖北武汉,叽叽叽叽叽,罗马教堂边的钟声007,0
紧邻湖北却无一确诊病例 这地方怎么做到的？,辽宁锦州,。,CCWY_96650,0
紧邻湖北却无一确诊病例 这地方怎么做到的？,辽宁抚顺,好,心向南方的大雁,0
网友发起“胡锡进模仿大赛” 胡锡进本人也参加了,广东广州,对！中外一视同仁！,努力工作-认真生活,9
网友发起“胡锡进模仿大赛” 胡锡进本人也参加了,北京,当初模仿卓别林大赛，卓别林本人也偷偷参加了，结果不是最像的，没有拿到冠军,我们大家_2728,5
美国来京的新增确诊病例在美国3次被拒绝核酸检测,吉林长春,明知己感染，跑回治病。给美国工作做贡献，有病时回国，罚款，自费。,用户6489042978,1241
美国来京的新增确诊病例在美国3次被拒绝核酸检测,山东济南,美国那么好回来干嘛？这是典型的给国家添乱来了,heiye202001,638
美国来京的新增确诊病例在美国3次被拒绝核酸检测,广东广州,查一查会不会这人在中国户籍国籍不注销，偷偷在美国申请了国籍。这个时候是清查阴阳人的大好时机,FabioAlin,589
美国来京的新增确诊病例在美国3次被拒绝核酸检测,北京,长期在美国居住，其实心里已经放弃自己原始身份了，要不是因为有病知道国内治病便宜，她才不回来呢。有这样的人，还是中国国籍也没外国国籍平常不回来，退休金领着回国就是看病。,一直都没谱,131
美国来京的新增确诊病例在美国3次被拒绝核酸检测,江苏徐州,有病了就回来麻烦祖国了,用户7323486442,102
美国来京的新增确诊病例在美国3次被拒绝核酸检测,北京,这可真是，交税的时候给美国交，做贡献的时候给美国做贡献，到要死的时候回来蹭国内的医疗？你要是留学，出差，探亲，旅游，那都还是中国人应该得到中国的一样待遇，这种彻底替美国工作给美国纳税的我觉得就不应该得到中国公民待遇了,微博网友_99947702,91
美国来京的新增确诊病例在美国3次被拒绝核酸检测,四川成都,就是想回来治病！平时忘记了祖国的好，关键时刻想起了祖国？,Ben_eric,82
美国来京的新增确诊病例在美国3次被拒绝核酸检测,天津,不只是三个人的问题，还有几十个人回来要隔离，就怕感染到别人，就是不道德了。,用户6799492623,69
美国来京的新增确诊病例在美国3次被拒绝核酸检测,陕西西安,尽量减少长途，为自己也为别着想，你们三口之人长期生活在美国就不要来中国了，害自己祖国的事尽量不做，而且美国医疗条件很好的，要热爱自己选择加入的国家,用户6920179052,53
美国来京的新增确诊病例在美国3次被拒绝核酸检测,广东广州,明显是回国治疗，应当自费。,用户5655027286,53
美国来京的新增确诊病例在美国3次被拒绝核酸检测,北京,这个跟武汉的黄某有什么区别？,月牙198201,45
美国来京的新增确诊病例在美国3次被拒绝核酸检测,山东济南,在美国活不下去就想到了祖国,用户6455472596,43
美国来京的新增确诊病例在美国3次被拒绝核酸检测,北京海淀,此风断不可长！美国上亿人，美国都不给他们检测，你们检测的过来么？百密难免一疏，中国疫情再次爆发你们负责么？这种情况不仅要自费，而且要罚款！符合遣返条件的应该遣返！,就你也配做公知,43
美国来京的新增确诊病例在美国3次被拒绝核酸检测,江西九江,期中有个关键问题没有说明：该人明知自己有症状，高度怀疑自己患有新冠肺炎，那么其进入飞机时，是否有戴口罩，其在自己座位上坐的一个小时期间，是否有戴口罩，是否有上洗手间，是否有全程防止自己传染给他人。如果没有措施，那么应当对其起诉！,九江沙子,41
美国来京的新增确诊病例在美国3次被拒绝核酸检测,北京,灯塔国不管，回国治病来了。免费还是收费？是个问题啊！！！,不老书生bj,37
美国来京的新增确诊病例在美国3次被拒绝核酸检测,北京,龙哥说，如果没有在中国交医保，原则上医疗费用应该是自费！问题是你自己已经知道感染上病毒，为什么还对飞机乘务员自述是低血糖？明知道自己被感染了还自私的乘飞机回国治疗！这种自私自利的人不值得同情！,开心快乐是福龙哥专利,35
美国来京的新增确诊病例在美国3次被拒绝核酸检测,四川成都,追究刑事责任，加倍收取费用！,务本斋主,35
美国来京的新增确诊病例在美国3次被拒绝核酸检测,北京海淀,能严防境外输入吗？否则一直没完没了，什么时候是个头,作家十诗,32
美国来京的新增确诊病例在美国3次被拒绝核酸检测,山西忻州,这样的人，一是要自费。二是有隐瞒，有完成传染风险应处罚。,hapree2012,32
美国来京的新增确诊病例在美国3次被拒绝核酸检测,广东茂名,有病才知道回来，同飞机那么多人，真是损人不利己……,小曼谷在旅途,29
美国来京的新增确诊病例在美国3次被拒绝核酸检测,内蒙古,平常在美国潇洒，得了病就回国，无耻之尤,铁板桥777,27
美国来京的新增确诊病例在美国3次被拒绝核酸检测,甘肃兰州,是不是已经对美国🇺🇸宣誓了,用户7396344771,27
美国来京的新增确诊病例在美国3次被拒绝核酸检测,山东烟台,肯定要跟对待国人一样的救治，但绝对不能免费。估计这种情况会越来越多。中国不是慈善家。就算慈善也不能给美国人。,涅槃说的是实话,26
美国来京的新增确诊病例在美国3次被拒绝核酸检测,山东济宁,这样的患者在美国不叫病，但来到中国就必须进行检查。其实，这患者知道自己已患上新冠病，只是美国不承认而已。在美国不检测就不会当成新冠病治疗，在美国死定了！,笑笑生_63871,24
美国来京的新增确诊病例在美国3次被拒绝核酸检测,浙江杭州,建议自费。,idiot-ting,24
美国来京的新增确诊病例在美国3次被拒绝核酸检测,新加坡,如果这三个人是美籍华人，让他们自费吧。,老客新来,21
美国来京的新增确诊病例在美国3次被拒绝核酸检测,广东深圳,给美国做贡献回国治疗，什么玩意！,才哥张,21
美国来京的新增确诊病例在美国3次被拒绝核酸检测,山东济宁,外交部就这个病例质问下美国一为什么不给检测，符合检测条件啊，与确诊病例有密切接触史！,用户7388093687,20
美国来京的新增确诊病例在美国3次被拒绝核酸检测,广东汕头,这些人是中国国籍，回来还是应该给治的，但他们是为美国服务，在那边交税的，这个治疗最少需要自费吧。,阿大猪尾,19
美国来京的新增确诊病例在美国3次被拒绝核酸检测,山东济宁,充分暴露美国现在的不作为，美国海关的不作为，封这个封那个，马上全世界封美国了！这个病例现实打脸美国的证据。多宣传！,用户7388093687,18
美国来京的新增确诊病例在美国3次被拒绝核酸检测,江西南昌,不仅自己救治费用需要自理，如果有被他们传染的人在国内治疗也应该由他们承担费用！,用户6859812745,18
美国来京的新增确诊病例在美国3次被拒绝核酸检测,广西桂林,尽管人的求生本能可以理解，但不顾他人安全人格可耻。从另一个角度看，中国才是最重视人权、尊重生命的国家。,用户7413116674,17
美国来京的新增确诊病例在美国3次被拒绝核酸检测,北京海淀,应该是自费吧，不然都来了,godwinwang,16
美国来京的新增确诊病例在美国3次被拒绝核酸检测,陕西渭南,自费治疗,美丽013,15
美国来京的新增确诊病例在美国3次被拒绝核酸检测,天津,暂时关闭进境普通航班吧，没特殊事等疫情控制住在开放。,阿罗蓝,15
美国来京的新增确诊病例在美国3次被拒绝核酸检测,江苏南京,国航为什么要把得了传染病的人带回国？登机前为什么不测体温，指望美国人的机场把关？,njwf025_96080,15
美国来京的新增确诊病例在美国3次被拒绝核酸检测,北京,这种人渣为什么让他们入境,yomoo11_338,14
美国来京的新增确诊病例在美国3次被拒绝核酸检测,四川成都,收费治疗，就这一个要求！看着你是中国人。但请你承担你对祖国的义务。,社会文艺青年5_239,14
美国来京的新增确诊病例在美国3次被拒绝核酸检测,北京,已经不是中国人了应该就地遣返，美国民政部门负责领回,aimfi,14
美国来京的新增确诊病例在美国3次被拒绝核酸检测,四川成都,这种在美国做贡献，回来享受我们纳税人的钱，就是一家垃圾，让他们滚回美国,用户5476903599,14
美国来京的新增确诊病例在美国3次被拒绝核酸检测,甘肃酒泉,现在回国的人除了学生都是不爱国的汉ｊ,风刀双剑空间,13
美国来京的新增确诊病例在美国3次被拒绝核酸检测,甘肃兰州,美国在隐藏很大很大的一个事实，那就是他们的大白肺炎就是新冠病毒肺炎。,Lover_HJM,13
美国来京的新增确诊病例在美国3次被拒绝核酸检测,北京,直接隔离在机场,01以革命的名义,13
美国来京的新增确诊病例在美国3次被拒绝核酸检测,辽宁葫芦岛,我觉得吧，你是挡不住这样的群体回国的。看美国英国的熊样是要头铁硬抗了。为主要国家派改装的有隔离效果飞机，和代防护的医护空姐。对有症状保有国籍的优先开放，没有国籍的顺序排后。把他们接回来，统一隔离治疗。当然原则上自费。对有贡献华人群体优先。要不然得没得病的放一起太麻烦了。不可能关闭过门就做好防御。不然努力都白瞎！,wx0698,13
美国来京的新增确诊病例在美国3次被拒绝核酸检测,江西南昌,治病对他来说花钱是小事  主要是还影响一飞机的乘客  太可恶了,可以叫我翔姐,12
美国来京的新增确诊病例在美国3次被拒绝核酸检测,天津,平时看美国的月亮都比中国圆！危难时刻还是祖国收留你们！,2020疫情严重,12
美国来京的新增确诊病例在美国3次被拒绝核酸检测,广东东莞,丹麦3月14日12时起全面封关，所有未能提出可信原因的外国人将不得入境。这一措施将至少维持至4月13日。波兰当地时间3月15日凌晨0时起，除了政府派出接载国民的包机之外，将不会再有国际入境航班或火车。所有外国人不得入境，波兰公民回国也要接受14日隔离。,用户5413146697,12
美国来京的新增确诊病例在美国3次被拒绝核酸检测,广东肇庆,明显是跑回中国求救的，老美那边不靠谱，怕了，所以跑回来了,用户7196906214,11
美国来京的新增确诊病例在美国3次被拒绝核酸检测,北京,应该即刻终止中美航班航线，拒绝美国航班入境，他们风险太大了，我们医疗系统和免费新冠救治不应该为已经去美国生活的那些人再服务了！花的都是国家和纳税人的钱！,徐广宇,11
美国来京的新增确诊病例在美国3次被拒绝核酸检测,山东烟台,在美国就是一条购,静观其变325,11
美国来京的新增确诊病例在美国3次被拒绝核酸检测,湖南株洲,得病了被美国歧视，所以狼狈回国治疗，就怕还是白眼狼,用户3853477927,11
美国来京的新增确诊病例在美国3次被拒绝核酸检测,河北廊坊,在美国得不到及时诊治，还是祖国好！还那么热爱美国吗？,凝露青荷,11
美国来京的新增确诊病例在美国3次被拒绝核酸检测,浙江,美国不检测的人自觉不要回国,小仙女的柚子茶,10
美国来京的新增确诊病例在美国3次被拒绝核酸检测,北京,建议釆取相应措施，拒疫于国门之外，拒绝己确疹的入境！,东升玉郎,10
美国来京的新增确诊病例在美国3次被拒绝核酸检测,福建福州,等治好了，美国疫情一过去，他们就又滚回美国去了，还是照样夸赞美国的空气都是香甜的。,飘飘云星清朗,10
美国来京的新增确诊病例在美国3次被拒绝核酸检测,河南郑州,可以回国治疗，费用自己出。检测加治疗100W。给国家出点钱吧！,Miette七,9
美国来京的新增确诊病例在美国3次被拒绝核酸检测,江苏苏州,应该是违法了，当地使馆应该建立保护当地中国公民和华侨的机制，防止为了活命而违法的事情！,现代卖炭翁,9
美国来京的新增确诊病例在美国3次被拒绝核酸检测,贵州贵阳,这样的人，如果以后不为祖国做贡献，那真的是人性泯灭。,茅庐煎茶,9
美国来京的新增确诊病例在美国3次被拒绝核酸检测,湖北武汉,回来可以，但是如果没有买中国的医保，一分钱也不给你报销。不过话说回来，一分钱不报销，那也比在美国看病便宜多了,武汉航空路医专,8
美国来京的新增确诊病例在美国3次被拒绝核酸检测,上海,对内封闭管理，对外国门洞 开[吃惊]，无语[抓狂],浪击天涯3000,8
美国来京的新增确诊病例在美国3次被拒绝核酸检测,天津,不是坚信美利坚的皿煮和自由嘛 回来添堵嘛 投机钻营的三姓家奴,青鸟at天津,8
美国来京的新增确诊病例在美国3次被拒绝核酸检测,广东广州,当我们这里是免费医院？,钱钱点COM,7
美国来京的新增确诊病例在美国3次被拒绝核酸检测,四川凉山彝族自治州,不听话娃娃，还晓得回来找妈，,晓玥楼客栈,7
美国来京的新增确诊病例在美国3次被拒绝核酸检测,四川成都,不应该允许入境啊,三郎山人-正东哥,7
美国来京的新增确诊病例在美国3次被拒绝核酸检测,上海,查一下是不是双国籍的，有难就跑回中国，没事就到美国做贡献！,abc355233,7
美国来京的新增确诊病例在美国3次被拒绝核酸检测,山西临汾,那里人，有脸吗？，在美国三次疫情检测拒绝，,用户68h6c51fb1感恩,7
美国来京的新增确诊病例在美国3次被拒绝核酸检测,湖北宜昌,建设祖国你不行，万里送毒第一名！,罐罐xjx1234,7
美国来京的新增确诊病例在美国3次被拒绝核酸检测,河南郑州,"美国挺好的,不然干嘛去那里定居呢?所以建议还是老老实实回去呆着吧!",水木神华,6
美国来京的新增确诊病例在美国3次被拒绝核酸检测,四川成都,像他这种应该关起来，不能开这个头有病的都跑回来。关键是飞机上很容易传染别人,桑原丧,6
美国来京的新增确诊病例在美国3次被拒绝核酸检测,上海,这种应该自费,Veronique_VII,6
美国来京的新增确诊病例在美国3次被拒绝核酸检测,浙江湖州,很多病人都走入一个误区。我以为。我认为。在身体出现不适，进医院求症。折腾。检测。很多人耽误在没有及时用药，这也跟文化素质差异有关。不是所有新冠肺炎都发烧，咳嗽。不饮食，消瘦，吃饭打饱嗝，呼吸发闷，心脏脉搏过缓，一分钟脉搏达不到60次，心率不齐，身体乏力。咳嗽，还有的不发烧。有人发烧。但这都属于新冠肺炎。早隔离早用药治疗。就死不了。,用户7411800999,6
美国来京的新增确诊病例在美国3次被拒绝核酸检测,陕西西安,不道德，一路上感染那么多人,曲江二小三年级2班魏语瞳,6
美国来京的新增确诊病例在美国3次被拒绝核酸检测,四川成都,说不准老公与儿子都是白人那！为啥让她上飞机，这种至少是有美国绿卡的呀。让她滚回美国去,用户5476903599,6
美国来京的新增确诊病例在美国3次被拒绝核酸检测,湖北襄阳,祖国发展你不行，万里投毒你第一名！,真楚狂,6
美国来京的新增确诊病例在美国3次被拒绝核酸检测,四川成都,这种人不应享受免费医疗,用户6049318122,6
美国来京的新增确诊病例在美国3次被拒绝核酸检测,新疆乌鲁木齐,欢迎回国治疗，但是有限度，目的是提取这些人感染病毒的详细信息，再和国内对比，就可以查出真正来源，指望国外公布病毒来源是不切实际的，它们在拼命隐瞒，销毁证据，即使某个国家掌握了证据也会被封锁，求人不如求己,六赢伙伴,5
美国来京的新增确诊病例在美国3次被拒绝核酸检测,陕西西安,不检测就代表没有啊，美国的骚操作，滑稽可爱！,手机用户2025051415,5
美国来京的新增确诊病例在美国3次被拒绝核酸检测,贵州黔东南苗族侗族自治州,万恶的资本主义社会。,孺子铁牛,5
美国来京的新增确诊病例在美国3次被拒绝核酸检测,四川自贡,美国的空气不香了吗？落叶归根也不是这样坠落吧？,过流速断,5
美国来京的新增确诊病例在美国3次被拒绝核酸检测,四川成都,外媒“诺亚方舟”言论的阴谋正在危害中国疫情的好转！,罗森内里ever,4
美国来京的新增确诊病例在美国3次被拒绝核酸检测,北京,只要是中国公民，建议开通到国外关键城市的新冠航班，集体把人拉回来，只拉中国户籍，并且新冠的人。很多人在国外给国内也付出很多，购买了几乎全球的口罩。,BimEx,4
美国来京的新增确诊病例在美国3次被拒绝核酸检测,河北唐山,这样做并不是单单为了他一个人，可以唤醒哪些崇洋媚外的国人，热爱自己的国家、回归自己的国家、建设自己的国家，才是最终目的。,深海1208192645_868,4
美国来京的新增确诊病例在美国3次被拒绝核酸检测,北京,这种真应该遣返，或者拒绝登机。影响了许多无辜的人,吉娃丝,3
美国来京的新增确诊病例在美国3次被拒绝核酸检测,广东东莞,应该原路劝返,王方WWW,3
美国来京的新增确诊病例在美国3次被拒绝核酸检测,广东深圳,严惩，否则不公平,gufeng106,3
美国来京的新增确诊病例在美国3次被拒绝核酸检测,上海,都是中国人，人家也没隐瞒病情，应该收治,lsandcyy,3
美国来京的新增确诊病例在美国3次被拒绝核酸检测,江苏南京,既然甘当霉果人，就别回来，更不能传播疾病,水易飞扬,3
美国来京的新增确诊病例在美国3次被拒绝核酸检测,北京,哎，我觉得应该开始管控国外回国人员了，停飞一些航班,cbapu,2
美国来京的新增确诊病例在美国3次被拒绝核酸检测,广东深圳,没有在国内缴纳社保的，应该自负。她美国绿卡，估计在美国有是医保的。,SZ_YLY,2
美国来京的新增确诊病例在美国3次被拒绝核酸检测,广西南宁,我们的钱只能用在我们国人身上。不要什么国际主义。这个时候讲一切主义都是破坏中国人民的强烈爱国之心。为国家，为国人，哪怕用我的钱的是个国人的渣。我也愿意。他没有抛弃这个国家。如果用在一些洋奴身上，一毫钱都是对我的伤害和打击。,我的小狗窝5,2
美国来京的新增确诊病例在美国3次被拒绝核酸检测,广东深圳,能去米国，很了不起啊，很多国人没有这个条件！,德豹绿,2
美国来京的新增确诊病例在美国3次被拒绝核酸检测,广东肇庆,主要是回来免费，那么好，美国还回来干嘛,微信lhn1320,2
美国来京的新增确诊病例在美国3次被拒绝核酸检测,上海,应该叫患者本人拍摄视频，述说自己具体情况，并向全世界播出……,用户7382956199,2
美国来京的新增确诊病例在美国3次被拒绝核酸检测,河南漯河,这一家人在飞机上不知道有传染了多少人，以后多弥补祖国吧,笑看云岚,2
美国来京的新增确诊病例在美国3次被拒绝核酸检测,福建泉州,查查看他们有没有美国国际或绿卡，有的话，吊销其中国国籍，并让他们费用自付。,由民平博,2
美国来京的新增确诊病例在美国3次被拒绝核酸检测,重庆,美国那么好回来干嘛？给国家添乱！纳税在美国，回国治病保命，必须自费。,用户7410517404,2
美国来京的新增确诊病例在美国3次被拒绝核酸检测,贵州遵义,游走渔利，怎么占便宜怎么来。,最好的喷口水,1
美国来京的新增确诊病例在美国3次被拒绝核酸检测,贵州贵阳,危难见真情。心系祖国。,wuyong3333_3cf519,1
美国来京的新增确诊病例在美国3次被拒绝核酸检测,北京,这是美国故意的吧？,师老师buaa,1
美国来京的新增确诊病例在美国3次被拒绝核酸检测,北京,扒一些信息出来。,小涛08469,1
美国来京的新增确诊病例在美国3次被拒绝核酸检测,山东泰安,传上一个国家就最少花20万，59个密切，14个在京。你回来这个代价太大了。,迈克美妮01,1
美国来京的新增确诊病例在美国3次被拒绝核酸检测,湖北咸宁,必须自费，国家不容易啊。,Hesan2020,1
美国来京的新增确诊病例在美国3次被拒绝核酸检测,江西吉安,还是中国人，美国人那个会来中国哟！,用户6075180285,1
美国来京的新增确诊病例在美国3次被拒绝核酸检测,北京,加油啊,桃子橘子榨果汁,0
美国来京的新增确诊病例在美国3次被拒绝核酸检测,安徽芜湖,无语，这算哪门,用户5727487013,0
美国来京的新增确诊病例在美国3次被拒绝核酸检测,香港,呵呵……,动物世界知识,0
美国来京的新增确诊病例在美国3次被拒绝核酸检测,天津,无异于乞丐！,用户7033972606,0
美国来京的新增确诊病例在美国3次被拒绝核酸检测,河南平顶山,学美国对我们，断行,用户7321012373,0
美国来京的新增确诊病例在美国3次被拒绝核酸检测,河南南阳,国内户籍地为重庆，那是不是代表有国外户籍？双国籍的是不是按外籍友人对待！！,用户7394822063,0
美国来京的新增确诊病例在美国3次被拒绝核酸检测,广东广州,我靠,用户7412358918,0
肃清秦光荣流毒影响不力 云南10省直部门被通报,北京,光荣,用户6485007919,0
英国新冠肺炎患者死亡累计21人,北京,不做评论，只说三个字：开始了，,尘缘路遥32960,1
董存瑞外甥抗疫牺牲，赵克志委托，王小洪看望家属,河南郑州,英雄世家,风荷曳曳,192
董存瑞外甥抗疫牺牲，赵克志委托，王小洪看望家属,天津,人民英雄董存瑞永垂不朽！,用户7383959052,164
董存瑞外甥抗疫牺牲，赵克志委托，王小洪看望家属,天津,向英雄致敬！,tjhua88,126
董存瑞外甥抗疫牺牲，赵克志委托，王小洪看望家属,甘肃临夏回族自治州,满门忠烈，精忠报国！,bacherie-M,30
董存瑞外甥抗疫牺牲，赵克志委托，王小洪看望家属,孙家垄,英雄人家，永存千秋！,想元_46413,23
董存瑞外甥抗疫牺牲，赵克志委托，王小洪看望家属,福建厦门,真是一门忠烈！,亚奇若贝,22
董存瑞外甥抗疫牺牲，赵克志委托，王小洪看望家属,上海,好伤心！辛苦啦！,用户7412772488,21
董存瑞外甥抗疫牺牲，赵克志委托，王小洪看望家属,北京,致敬,汪了个喵_LvN,20
董存瑞外甥抗疫牺牲，赵克志委托，王小洪看望家属,陕西西安,太多的感慨，中国英雄！,朗艺陈铭,19
董存瑞外甥抗疫牺牲，赵克志委托，王小洪看望家属,黑龙江哈尔滨,向英雄致敬，抗疫辛苦了！,陈和1,18
董存瑞外甥抗疫牺牲，赵克志委托，王小洪看望家属,内蒙古呼和浩特,一家子英雄！致敬！,用户5635386668,15
董存瑞外甥抗疫牺牲，赵克志委托，王小洪看望家属,陕西西安,甥舅一门真忠烈，千古谁甚伯仲间！,我爱曹月即便分手了,14
董存瑞外甥抗疫牺牲，赵克志委托，王小洪看望家属,陕西西安,英雄不朽！永世长存！,乐游园之树,12
董存瑞外甥抗疫牺牲，赵克志委托，王小洪看望家属,河南郑州,英雄走好,唯1丶丶,12
董存瑞外甥抗疫牺牲，赵克志委托，王小洪看望家属,陕西西安,致敬,西安吃货,11
董存瑞外甥抗疫牺牲，赵克志委托，王小洪看望家属,吉林长春,太可惜了！可敬 ！可爱！ 一路走好！！！！！！！！！,用户6280271435,8
董存瑞外甥抗疫牺牲，赵克志委托，王小洪看望家属,重庆,英雄之家！,y6366218985,7
董存瑞外甥抗疫牺牲，赵克志委托，王小洪看望家属,江苏连云港,谁说和平年代没有英雄？！[泪],疾风356,7
董存瑞外甥抗疫牺牲，赵克志委托，王小洪看望家属,河口,龙生龙，凤生凤英雄一家！,用户7413091155,6
董存瑞外甥抗疫牺牲，赵克志委托，王小洪看望家属,安徽宣城,向一线抗疫的英雄致敬，真心为你感到骄傲，人民会永远记得你，历史会永远记载这场战疫中那些牺牲的英雄。,灬小脚冰凉灬,6
董存瑞外甥抗疫牺牲，赵克志委托，王小洪看望家属,广东广州,致敬英雄！,烈焰风沙,3
董存瑞外甥抗疫牺牲，赵克志委托，王小洪看望家属,上海,……,上海人没口罩,0
西方媒体 你们不会脸红吗？,江苏常州,我们是自愿在家隔离，因为我们爱我们的国家，我们保护好自己就是给国家给我们战斗在一线的逆行者们减轻负担！,烂牙齿爱吃糖,292
西方媒体 你们不会脸红吗？,辽宁,西方媒体早就没有脸了，还说什么脸红？白痴,一义贯日月,237
西方媒体 你们不会脸红吗？,河南周口,事实摆在那，人心是称，重量在人民的心头，也许诬蔑会蒙蔽一时，就像早晨的露珠，见不得太阳的光辉。,我的名字叫识途,133
西方媒体 你们不会脸红吗？,广西南宁,洋奴表示不愿意了。人家的就是好。自由，民主。死了都要吹欧风，烂了都要淋美雨。哪怕洋大人的一堆屎，一泡尿，也是与众不同的散发清新空气的外域风情。未曾见过如此厚颜无耻之国，未曾见过如此衣冠禽兽之人。其实说那些东西是禽兽都侮辱了禽兽。,我的小狗窝5,34
西方媒体 你们不会脸红吗？,天津,这是中国出于人道主义援助 要不是中国教你们怎么控制 那么一年后世界上背不住就剩中国了,篮下霸主奥尼尔,28
西方媒体 你们不会脸红吗？,浙江,我们隔离是为了人民的生命，西方这些国家都在做什么？不是误导自己的人民病死率远低于1%，就是要拿出120万人的性命做抗体实验。当然，他们没有经历过，本来可以用我们的经验来避免，但是因为他们的自大狂妄和自以为是，这次不但要经历，还甚至有灭顶之灾！,vicki_marcia,23
西方媒体 你们不会脸红吗？,河北邯郸,一定要记住、一定会记住！,用户6634930422,21
西方媒体 你们不会脸红吗？,江西吉安,中国要强硬，打到美帝国主义,用户7407634062,18
西方媒体 你们不会脸红吗？,浙江,发给国内看有毛用，给全球媒体看,仁心仁术2003,18
西方媒体 你们不会脸红吗？,广西来宾,[哈哈]这个新冠还真是冠军，不但把人体的免疫系统攻陷，还把西方的媒体和意识形态、政治制度附带一起攻陷！,春风可渡,18
西方媒体 你们不会脸红吗？,浙江温州,发到抖音国际版吧，Tiktok，确实给国内人看没用，看到只会更加生气,鹿城辐射,17
西方媒体 你们不会脸红吗？,河南郑州,"所以美国,丹麦,英国休想得到我们的同情和帮助!!!",水木神华,15
西方媒体 你们不会脸红吗？,宁夏银川,我们一定不要忘记，在我们最困难的时候西方政治家和霉体对我们的攻击诅咒，也不能忘记，与反华势力相互唱和的国内一小撮阴暗分子。,用户7400741295,14
西方媒体 你们不会脸红吗？,吉林四平,中国要给媒体下派任务了。对西方进行无情的揭露！像今日俄罗斯一样抨击西方！,用户7320531879,14
西方媒体 你们不会脸红吗？,广东广州,不要在意别人怎么看了，怎么做好自己才是正事。,烈焰风沙,13
西方媒体 你们不会脸红吗？,天津,西方要是懂得要脸，早就不是资本主义了。,御用朱砂笔,13
西方媒体 你们不会脸红吗？,浙江杭州,不会脸红，他们就是这个德性。,用户7318360538,11
西方媒体 你们不会脸红吗？,上海,会脸红还叫西媒吗，内容我就不看了,Sandyba,11
西方媒体 你们不会脸红吗？,云南昆明,不会脸红的，西媒本就没脸,零子陈,9
西方媒体 你们不会脸红吗？,江苏苏州,都记录在案，会有收拾他们的一天的！,用户7400240274,9
西方媒体 你们不会脸红吗？,北京海淀,没关系，媒体不说实话，不关注疫情防控而关注社会体制，导致其国民受众对新冠病毒知之甚少，什么和流感一样，勤洗手就可以了等。本国疫情已经在本国爆发了，还浑然不知，然后才有世卫组织宣布的全球大流行。这报应来得有点快。,严富昌,8
西方媒体 你们不会脸红吗？,美国加利福尼亚州,根本不脸红，是诚心的！这就是意识形态作怪的结果！,低头埋地雷,8
西方媒体 你们不会脸红吗？,湖北武汉,西媒太可爱了，把抗疫当娱乐。成功的把欧洲各国带进了沟里面。过瘾么，嗨么！！！,用户5663226875,7
西方媒体 你们不会脸红吗？,广东惠州,《华尔街日报》《日德兰邮报》《泰晤士报》《费加罗报》《卫报》《外交官》——对应以上国家，要是被新冠病毒攻陷沦陷来求援，一定要附带这些媒体道歉才能给予帮助,用户5634285733,7
西方媒体 你们不会脸红吗？,山东青岛,没有脸，为何会红？,hsyj_0001,6
西方媒体 你们不会脸红吗？,山东潍坊,傲慢无知的欧洲人在此次疫情之后，就知道沉睡在东方的雄狮已经威严的屹立在太阳升起的地方了，此次疫情为拐点，欧洲将陨落必将分崩离析，中国卧薪尝胆这么多年是时候好起来了，从本次疫情来看，全国服从一致性、向心力、稳定性都很棒！中国加油！,密州东科,6
西方媒体 你们不会脸红吗？,湖南,不必在乎畜牲的看法。,用户tlnkaxvwch,6
西方媒体 你们不会脸红吗？,山东济南,脸红？那是中国思维，以后对西方国家请抛弃这种伦理观念，它们只进化成人形的兽！,用户6854390483,6
西方媒体 你们不会脸红吗？,四川南充,这种国家就这疫情来检验它们的偏见，中国坚决不出手，一只口罩也不能给哟。,用户7391316036,6
西方媒体 你们不会脸红吗？,四川成都,他们才不会脸红，厚颜无耻习惯了,采蘑菇的小小樱子,5
西方媒体 你们不会脸红吗？,重庆,最为重要的是纽约时报确信美国政府无法让美国人民家里蹲2个月,淌水小河1236_725,5
西方媒体 你们不会脸红吗？,北京,新冠会很快攻陷美国的,最近没杆法888,5
西方媒体 你们不会脸红吗？,黑龙江哈尔滨,他们有些说的人权就是自私自利不顾别人,用户63dzy2f3fv,5
西方媒体 你们不会脸红吗？,陕西渭南,其实他们也想让国民都待家里别乱跑，可他们自己没那能力让国民都听从国家的安排，更没有像咱们中国这样的国家凝聚力，就在那羡慕嫉妒恨的诋毁，理他们干嘛，有本事别学中国,兜兜-YF0,5
西方媒体 你们不会脸红吗？,广西贺州,西方媒体有一种精神值得我们学校:就是他们有一种不要脸的精神！,风行fengxing1377758475,4
西方媒体 你们不会脸红吗？,青海海东,你的善良得不到他的尊重，只有打狗棍才是他对你的正视。,用户5621085194,4
西方媒体 你们不会脸红吗？,江苏镇江,还是想想你们自已的烂摊子怎么办吧。,用户7384832799,4
西方媒体 你们不会脸红吗？,吉林,今天你对我爱搭不理，明天我让你高攀不起！！,放酸的咖啡,4
西方媒体 你们不会脸红吗？,江苏苏州,道德败坏的媒体,用户7406998768,4
西方媒体 你们不会脸红吗？,广西贺州,国内媚西方的公知和精英应该出来叽叽歪歪一下,风行fengxing1377758475,4
西方媒体 你们不会脸红吗？,福建三明,无耻的西方媒体，无耻的西方政客。,悠然见南山168,3
西方媒体 你们不会脸红吗？,北京,西方媒体什么时候在撒谎之后脸红过？你也太不了解他们了。他们说谎是常态，说实话倒是会脸红的！,chenimaos,3
西方媒体 你们不会脸红吗？,湖北孝感,对这些攻击中国的国家而不愿道谦的，像美国、丹麦、澳大利亚发生了疫情后，不要提供帮助，让他们知道说慌所付出的代价,用户7408982103,3
西方媒体 你们不会脸红吗？,天津,喝茶喽看戏，看看自命高人一等的西方人在进行自然法则的现实演绎，中华儿女擦亮眼睛好好学习一下吧。,天津文竹_78876,2
西方媒体 你们不会脸红吗？,江西南昌,其实我们真的不用太关注和在意西方某些媒体的报道，就算现在中国倾家荡产的去援助西方国家，等疫情过后，那些被援助的国家该反华还是会继续反华，毕竟西方国家都是政客和资本家控制的。我觉得中国今后应该好好利用自己的优势，也就是经济和市场，中国这样的市场可以说没有一个国家是不需要和无视的，所以今后像丹麦，瑞典这种反华国家，我们完全可以在市场上做点手脚，这比任何外交手段更有效！,drsy3,2
西方媒体 你们不会脸红吗？,广东肇庆,不管他们怎样说中国该怎样做就怎样做怎样限制就怎样限制必要时要以牙还牙,用户7411593762,2
西方媒体 你们不会脸红吗？,江西赣州,我们愿意牺牲自由来抑制疫情，有你们什么事啊瞎BB!,冬去春来太阳晒,2
西方媒体 你们不会脸红吗？,云南昆明,对我们恶心的国家不要帮助他们，让他们自生自灭，不落井下石就是好的了[怒][怒][怒],用户6150060804,2
西方媒体 你们不会脸红吗？,湖北武汉,不要脸，只要自由——胡说八道的自由,再忙也要闲逛逛,2
西方媒体 你们不会脸红吗？,天津,这样的新闻应该在国际报刊上发表,德道参悟,2
西方媒体 你们不会脸红吗？,北京,他们不是一直都这样吗，还记得那句话，做人不要太cnn吗，哈哈,不老书生bj,1
西方媒体 你们不会脸红吗？,江苏无锡,也许崇洋媚外的人看了更有意义吧！多了解美国及西方的人性阴暗面！,用户7321449779,1
西方媒体 你们不会脸红吗？,上海,西方媒体还真的不会脸红。[呵呵],totolu2007,1
西方媒体 你们不会脸红吗？,四川成都,西方媒体，有脸吗？,lwolf19,1
西方媒体 你们不会脸红吗？,广东广州,西方的媒体从来都是用屁股作脸皮，哪里会脸红。,lao逍遥散人,1
西方媒体 你们不会脸红吗？,北京,欧美媒体很多都是双标，《纽约时报》则是世界驰名双标。盲目听信双标新闻，会导致智力减退、狂躁和情绪化，参照港台的一些年轻人[二哈],Escante_Tony_482,1
西方媒体 你们不会脸红吗？,天津,确实说得不好，但并不会影响我们实际的疫情防治，应该区分开来处理，这才是我们应该做的。,YLQJSHBKDZZHSL,1
西方媒体 你们不会脸红吗？,河北廊坊,是习惯了被“打脸”，还是“傲慢”已经被当成理所当然？,Zapeter,1
西方媒体 你们不会脸红吗？,天津,纽约时报最无耻!,YLQJSHBKDZZHSL,1
西方媒体 你们不会脸红吗？,广西南宁,我们是自觉自愿的再家里面隔离，没有西方媒体想像的那样,用户7271164548,1
西方媒体 你们不会脸红吗？,浙江杭州,"一肚子坏水的洋人报纸是不希望中国封城,想让病毒传播的更快更广!他们的目的在这!",kua2019,1
西方媒体 你们不会脸红吗？,浙江杭州,他们害怕中国的崛起。,Ste懒得去管,1
西方媒体 你们不会脸红吗？,浙江杭州,一群邪恶的西方媒体怎么会脸红？,风一样的ling180,1
西方媒体 你们不会脸红吗？,贵州贵阳,真理：只有在洋人西媒的嘴脸上，才能演绎什么叫厚颜无耻！,用户7041958520,1
西方媒体 你们不会脸红吗？,天津,只要没有战争。我们都努力做好自己。国家各个方面也都不断向好的方向发展。其它不重要了。,桑榆非晚zhh,1
西方媒体 你们不会脸红吗？,河南郑州,。,刘小卷么么哒,1
西方媒体 你们不会脸红吗？,广东珠海,我都懒得叼这群两面三刀的东西了。。。这些所谓的西方媒体唯一的目标就是每天放毒，各种毒，灵魂扭曲得不成人形了。。。,Etin-Lee,1
西方媒体 你们不会脸红吗？,山东临沂,美国媒体品行如同婊妓！,40正惑,0
西方媒体 你们不会脸红吗？,黑龙江哈尔滨,不用管他们，不给他们口罩和防疫装备就得了。他们都是优越的白种人，自己的免疫力就能抵抗病毒，让他们充分证明达尔文的自然进化论。,爱咋地咋地,0
西方媒体 你们不会脸红吗？,日本,h波,我要去读PhD,0
西方媒体 你们不会脸红吗？,上海,西方自古以来就这样,opentheheart43393,0
西方媒体 你们不会脸红吗？,北京,绝不援助美国一毛钱@！,龙90555,0
西方媒体 你们不会脸红吗？,辽宁沈阳,西方媒体在给他们自己唱哀乐。,真假方便面,0
西方媒体 你们不会脸红吗？,湖北襄阳,美国与西方发达国家傲慢与偏见多么严重，自我感觉良好，百年之大变局也许已经从2020年正式开始了。他们终将落后而远去。中国必将崛起。,用户7401744155,0
西方媒体 你们不会脸红吗？,上海,西方已没落,用户3907858662,0
西方媒体 你们不会脸红吗？,陕西西安,我只想知道十三日美国对60位记者怎么处理的，我们是怎么对等处理的,用户6920179052,0
西方媒体 你们不会脸红吗？,陕西西安,美国，丹麦，西班牙我们不值得去救助，特别是近邻个别国家，让他们自己去努力吧，我们可以按他们当时的做法去做,用户6920179052,0
西方媒体 你们不会脸红吗？,吉林延边朝鲜族自治州,美国马上会封城，是为了保护美国人民人权和生命权。,用户7382874688,0
西方媒体 你们不会脸红吗？,湖北武汉,他们有脸吗？,ZHIKET,0
西方媒体 你们不会脸红吗？,北京,美国不用脸红，因为没有脸，怎么红,pinky_欣,0
西方媒体 你们不会脸红吗？,北京,外国人本来就是红脸蛋子！,用户7322511553,0
西方媒体 你们不会脸红吗？,浙江,不要脸！,法医剑哥,0
西方媒体 你们不会脸红吗？,上海,西方人从没就没有要脸过，现在还哀求中国去援助，我们中国人几千年的历史都是以乐于助人，一方有难八方支援的传统，西方病夫有种就别来哀求，口罩有种别带，希望生产厂家把国旗印在口罩上面,sh强强,0
西方媒体 你们不会脸红吗？,山西太原,中国人自己心里有杆秤，相信我们的政府做的是正确的决定就好了。别人想说什么说什么去吧！,用户5983861587,0
西方媒体 你们不会脸红吗？,北京,从根上抓起：把中国媒体办到西方国家去，并且成为主流媒体。让西方媒体没几个人看。,观察未必周到,0
西方媒体 你们不会脸红吗？,辽宁大连,你们都有人权，民主国家？我们不是吗？有能耐你们学习英国别封城！,赶海视频直播,0
西方媒体 你们不会脸红吗？,北京,长期以来，欧洲人一直感觉良好，觉得自己高人一等，因此，他们才不会脸红的!,大头的博客,0
西方媒体 你们不会脸红吗？,山东威海,支持这样的文章翻成英文，在国外广而告之,isoft的天空,0
还敢入境瞒报？唐山出了个“狠招”,浙江杭州,完全赞成！同时建议尽快在法规层面予以完善！,急流勇进838_430,131
还敢入境瞒报？唐山出了个“狠招”,湖北荆门,这个才是对的政策！各地应该效仿！,阿姆特雷,82
还敢入境瞒报？唐山出了个“狠招”,新疆,支持自费治疗  多少医护人员为了这个付出了生命 这些人还不长脑子,张维是个小胖子,73
还敢入境瞒报？唐山出了个“狠招”,山东日照,最直接的应该是境外来后直接就地集中隔离14天,神风堂666,34
还敢入境瞒报？唐山出了个“狠招”,上海,危害公共安全罪，重罪。,用户7322234857,30
还敢入境瞒报？唐山出了个“狠招”,北京,全国推广[good][good][good]，这个招好，赞同,987654322,23
还敢入境瞒报？唐山出了个“狠招”,北京,这个规定好，一定要让那些说谎的人付出代价，不然他们永远不会知道诚信到底有多重要,深灰色寂静岭,22
还敢入境瞒报？唐山出了个“狠招”,海南澄迈县,建议全国推广,许-高-飞,20
还敢入境瞒报？唐山出了个“狠招”,江苏南通,应该是所有与瞒报者有接触的人一旦发病费用都该瞒报者承担。,用户5553827771,17
还敢入境瞒报？唐山出了个“狠招”,辽宁沈阳,来点狠招吧，不能再扩散了,荔儿爱生活,13
还敢入境瞒报？唐山出了个“狠招”,广西来宾,还不够狠！还应该计入社会成本，进行经济处罚。,春风可渡,12
还敢入境瞒报？唐山出了个“狠招”,新疆巴音郭楞蒙古自治州,这种政策应该由国务院统一发布才对。,宋宋的地盘1996,12
还敢入境瞒报？唐山出了个“狠招”,湖南娄底,希望每个人都能看到现状的来之不易，本着自己的良心，不要让那么多人的努力白费,dondevoy0203,12
还敢入境瞒报？唐山出了个“狠招”,白虎头小区,应该是包到底被他感染的人所有费用也由他承包,用户7379418411,10
还敢入境瞒报？唐山出了个“狠招”,河南周口,做得好，各地应该推广，这样的人还能得到免费治疗太浪费国家资源，太对不起抗疫战争中牺牲的医护人员！建议有这种瞒报行为的人应该列入失信人名单。,孙诺1986,9
还敢入境瞒报？唐山出了个“狠招”,安徽合肥,好！！！好！！！！好！！！！！在外国不为国做贡献，凭什么理由感染病毒由国家买单？？？？？,用户7321818754,9
还敢入境瞒报？唐山出了个“狠招”,浙江宁波,必须判刑，依据损失惩罚！,用户7353239062,8
还敢入境瞒报？唐山出了个“狠招”,云南迪庆藏族自治州,支持，收费 判刑 处罚 倒入失信人员,以商会友务实发展,7
还敢入境瞒报？唐山出了个“狠招”,北京,支持[good][good][good],钻石28767,6
还敢入境瞒报？唐山出了个“狠招”,辽宁营口,这是最好的对策,潜水艇14873,5
还敢入境瞒报？唐山出了个“狠招”,甘肃酒泉,加大违法成本，建议推广。,用户6575582549,5
还敢入境瞒报？唐山出了个“狠招”,上海,还要负担相关部门查找“密切接触者”的费用，以及“密切接触者”被隔离期间的一切费用（包括精神损失费）。急盼下狠招！,shhpqtgt,5
还敢入境瞒报？唐山出了个“狠招”,江苏南京,必须罚他们个倾家荡产，让他们知道别想免费占国家的便宜。,老夏201303,5
还敢入境瞒报？唐山出了个“狠招”,北京,特别棒！全国执行！在国内没有纳税证明的也要自费,pinky_欣,5
还敢入境瞒报？唐山出了个“狠招”,湖南长沙,支持全国推广！,yukun2986981633,4
还敢入境瞒报？唐山出了个“狠招”,新疆克拉玛依,该！,北村精神病院院长,4
还敢入境瞒报？唐山出了个“狠招”,北京海淀,赞成赞成，多少人在一线为疫情忙碌，这么快控制成这样多不容易啊，惩治瞒报行为应该在全国执行！,Jessie猪猪妖,3
还敢入境瞒报？唐山出了个“狠招”,河北石家庄,直接枪毙就得了,用户6192983731,3
还敢入境瞒报？唐山出了个“狠招”,北京,直接嘣了,国家罗汉,1
还敢入境瞒报？唐山出了个“狠招”,河南平顶山,凡返乡病例直接枪闭！！！关健我说话不管用！,用户7385495340,1
还敢入境瞒报？唐山出了个“狠招”,北京,你只考虑来华治病！是否考虑 要很多人的命！,黑豆看世界,0
还敢入境瞒报？唐山出了个“狠招”,天津,应该全国都这样！立即立法！,陆宁,0
院士揭秘:中国援意大利伊拉克带了这两种抗疫中药,重庆,成果造福全人类，支持加大对中医研发的投入！,冲锋舟010,550
院士揭秘:中国援意大利伊拉克带了这两种抗疫中药,福建厦门,张仲景真乃医圣也！,小风弄影001,356
院士揭秘:中国援意大利伊拉克带了这两种抗疫中药,湖北宜昌,莲花清瘟，以岭药业[太开心],自由卡鲁克斯,242
院士揭秘:中国援意大利伊拉克带了这两种抗疫中药,河南开封,我们本地有一个就是轻症，开始只用西药，好多天都无效，病人都要崩溃了，最后转院去中医院了，没几天就有效了，最后顺利出院，经历了一个多月的时间。所以纯粹西药救治不靠谱。,用户6301679241,71
院士揭秘:中国援意大利伊拉克带了这两种抗疫中药,加拿大安大略,中医中药是我们的国宝，一定要发扬光大。,用户2281035123,68
院士揭秘:中国援意大利伊拉克带了这两种抗疫中药,河南南阳,中华民族要复兴，首先得中华文化复兴，中医复兴！,林海雪原20160126,45
院士揭秘:中国援意大利伊拉克带了这两种抗疫中药,内蒙古,在关键时期，西方人撕掉了自己文明国度的伪装，摘下了人权民主自由的面具，暴露了低劣，丑陋，肮脏的强盗本性，事实证明，中华民族是全世界最高贵文明的种族，其他种族不配与中华民族相提并论,金融的魅力2016,41
院士揭秘:中国援意大利伊拉克带了这两种抗疫中药,澳大利亚,老祖宗留给我们的遗产要珍惜！,一嘿呦,40
院士揭秘:中国援意大利伊拉克带了这两种抗疫中药,海南海口,中药治疗效果好!,eling1966,31
院士揭秘:中国援意大利伊拉克带了这两种抗疫中药,新疆石河子,老祖宗的智慧,首页空白,30
院士揭秘:中国援意大利伊拉克带了这两种抗疫中药,江苏盐城,黑中药的本来就是白痴，你难道不知道你的祖宗十八代以前都是靠中药治病,用户5898895141,30
院士揭秘:中国援意大利伊拉克带了这两种抗疫中药,北京,那些天天骂中医不治病的都是一帮民族的败类！,驿梅觅音,30
院士揭秘:中国援意大利伊拉克带了这两种抗疫中药,河北秦皇岛,中医中药博大精深，凝聚了中华五千年文明的精华，不管歪果人儿信不信，管用就好[赞][赞][赞],用户7295164404,28
院士揭秘:中国援意大利伊拉克带了这两种抗疫中药,四川成都,老外认可中药吗？,是也不是小窝,28
院士揭秘:中国援意大利伊拉克带了这两种抗疫中药,湖北荆门,希望国家以后大力发展中药,zdc6044991,25
院士揭秘:中国援意大利伊拉克带了这两种抗疫中药,江西南昌,同样的病中药能治绝不吃西药，西药副作用太大了[汗],横刀的马甲,25
院士揭秘:中国援意大利伊拉克带了这两种抗疫中药,河北秦皇岛,这下那些黑中药的人可以闭嘴了吧？,saulon,24
院士揭秘:中国援意大利伊拉克带了这两种抗疫中药,广东茂名,西药的作用是直接杀死病毒，病毒变异就没办法了；中药的作用是让病毒恶心得吃不下任何东西，活活饿死病毒，病毒变异也没法活。中药泡饭，你吃得下吗？,用户2642649971,23
院士揭秘:中国援意大利伊拉克带了这两种抗疫中药,云南昆明,中华中医药[鲜花][鲜花][鲜花][鲜花],用户5572338239,22
院士揭秘:中国援意大利伊拉克带了这两种抗疫中药,上海,加强国药的研究，特别是，实践是检验真理的唯一标准，不拍脑袋，用数据说话,曲无终,21
院士揭秘:中国援意大利伊拉克带了这两种抗疫中药,山东济南,今年是庚子年 金运太过要加一些温性的药效果更好 中药神奇的地方在于随五运六气的变化而适当调配,道德经密码,20
院士揭秘:中国援意大利伊拉克带了这两种抗疫中药,江苏南京,好！好！好！ 中医药不推广不会全面走向世界，这次就是绝好推广机会！ 几千年历史证明了的，被数以千万亿案例验证过的，当然错不了。 一点一点来，慢慢地，全世界都会认可。,tiger627,19
院士揭秘:中国援意大利伊拉克带了这两种抗疫中药,天津,古为今用，中医药走出国门治疗外国患者太棒了，那些鼓吹外国月亮都比中国圆的信徒能闭门思过吗？,乞行天下总_裁2010,17
院士揭秘:中国援意大利伊拉克带了这两种抗疫中药,北京,还得是中药，没有副作用。,用户6435361139,17
院士揭秘:中国援意大利伊拉克带了这两种抗疫中药,云南昆明,西方是全球公认的盗窃惯犯，要严防西方偷窃我们的中医药配方技术！！！,御兰亭,17
院士揭秘:中国援意大利伊拉克带了这两种抗疫中药,浙江杭州,可怜的意大利人,铁流离合器007,16
院士揭秘:中国援意大利伊拉克带了这两种抗疫中药,广东深圳,我有一年得了病毒肺炎住院，抗生素打了还发烧，换了中药医院自己配方加双黄连发烧退了CT片子明显炎症小了，这要是自己身体免疫力硬抗真顶不住，我觉得中药控制免疫力系统还是有用,Wemhoener,15
院士揭秘:中国援意大利伊拉克带了这两种抗疫中药,广西河池,老祖宗留下的传家宝，不要轻易传给外人，最多只能给朋友。,风落松孤,14
院士揭秘:中国援意大利伊拉克带了这两种抗疫中药,北京,方渣子之流肯定大加鞭挞！！,cq6274,14
院士揭秘:中国援意大利伊拉克带了这两种抗疫中药,广东广州,那些高级专家，辟谣的媒体，这些中药？不是杀死病毒，而是抑制病毒。别一开口就来一个：没有科学证据证明：能杀死病毒。   打脸了吧？,用户5552522338,13
院士揭秘:中国援意大利伊拉克带了这两种抗疫中药,广东广州,注意专利权保护,手浪用户1432974164,13
院士揭秘:中国援意大利伊拉克带了这两种抗疫中药,甘肃兰州,中医几千年来都是国人的健康卫士,一举不成名,13
院士揭秘:中国援意大利伊拉克带了这两种抗疫中药,江苏苏州,"应该优先给伊朗,也许早已经给伊朗了吧?",所向披靡,12
院士揭秘:中国援意大利伊拉克带了这两种抗疫中药,北京,看看伊朗的治愈人数就知道，中医中药立大功。,全不知,12
院士揭秘:中国援意大利伊拉克带了这两种抗疫中药,吉林长春,中药在这次疫情中会大放光芒的！加油中国，加油中国传统文化！,边外老马,12
院士揭秘:中国援意大利伊拉克带了这两种抗疫中药,广东广州,还有肺炎一号，也可以尝试一下给他们。目的是要数据。美国淫就不用管了！！！,--天空--zzh,11
院士揭秘:中国援意大利伊拉克带了这两种抗疫中药,四川成都,是药三分毒，所以不是所有人都要吃！,下辈子为止,10
院士揭秘:中国援意大利伊拉克带了这两种抗疫中药,广东汕头,中医中药，中国古老智慧，值得骄傲！,阿陈微声,9
院士揭秘:中国援意大利伊拉克带了这两种抗疫中药,浙江杭州,请大家不要不要乱买这两种药，留给有需要的医院吧！！,hwbg007_935,9
院士揭秘:中国援意大利伊拉克带了这两种抗疫中药,甘肃兰州,坚决支持中医药造福人类！,大唐飘衣,8
院士揭秘:中国援意大利伊拉克带了这两种抗疫中药,河南洛阳,弘扬中华医药文化，共同阻击新冠肺炎！中国最棒！点赞！,用户3603746561,7
院士揭秘:中国援意大利伊拉克带了这两种抗疫中药,四川成都,中医药好，喜欢中医。,张君肀雅小孩p,7
院士揭秘:中国援意大利伊拉克带了这两种抗疫中药,山东青岛,刘清泉表示，对于轻症且发热乏力的患者，使用金花清感治疗；对于轻症且发热便秘的患者而言，使用连花清瘟治疗更适宜。“但是，两者不能叠加使用，同时，也不鼓励人人都吃药。”,寒江飞舟,6
院士揭秘:中国援意大利伊拉克带了这两种抗疫中药,北京,有用吗,阳光旋律,5
院士揭秘:中国援意大利伊拉克带了这两种抗疫中药,北京,果然带了中药，不知轻、中症的西方患者是否肯服。,语言痴迷者,5
院士揭秘:中国援意大利伊拉克带了这两种抗疫中药,广西柳州,中药是好东西，不是研究成份就可以仿制的,用户7412755336,5
院士揭秘:中国援意大利伊拉克带了这两种抗疫中药,湖北武汉,与双黄连主药都是：金银花、黄芩，把连翘换成川贝，谁说双黄连无效？,HXPLqhx_350,4
院士揭秘:中国援意大利伊拉克带了这两种抗疫中药,上海,张仲景2000年前就研究出了新冠解药[赞],用户7263760403,4
院士揭秘:中国援意大利伊拉克带了这两种抗疫中药,,张仲景同志是湖南省省长。信不信，由你。,兰福森,4
院士揭秘:中国援意大利伊拉克带了这两种抗疫中药,贵州贵阳,北京中医医院院长刘清泉表示，对于轻症且发热乏力的患者，使用金花清感治疗；对于轻症且发热便秘的患者而言，使用连花清瘟治疗更适宜。“但是，两者不能叠加使用，同时，也不鼓励人人都吃药。,速度鸟,4
院士揭秘:中国援意大利伊拉克带了这两种抗疫中药,北京,谁是张仲景的后代？中医中药强大功能非下大功夫发掘不可得之,dmj_88,4
院士揭秘:中国援意大利伊拉克带了这两种抗疫中药,山东济南,中医走向世界，让中医为全人类服务,用户7020887173,3
院士揭秘:中国援意大利伊拉克带了这两种抗疫中药,浙江杭州,中药可以申请一些专利吧，当然我的意思不是发其他国家的国难财。以后还有商业机会。更有甚者，发现了中药的益处后，别的国家申请专利了，反过来投诉我们侵权，那中国人可要吐血了,汉唐雄风00001,3
院士揭秘:中国援意大利伊拉克带了这两种抗疫中药,江苏常州,应该把中医发扬光大,用户7381106895,3
院士揭秘:中国援意大利伊拉克带了这两种抗疫中药,加拿大安大略,中药研究必须现代化，例如中药连花清瘟和金花清感这两种中药对治疗轻型和普通型新冠肺炎有疗效，那么能否用生物化学和药物学方法，分析这两样中药的主要成分是些什么化合物和它们的药理？能否从药材提炼出有效成分制成容易使用的药水或者药丸？不使用现在技术手段，中医中药可能停留在知其然但不知所以然阶段。,hanman2013,3
院士揭秘:中国援意大利伊拉克带了这两种抗疫中药,河北保定,莲花清瘟，家庭常备药啊，效果杠杠的。,暖暖的下午茶时光,3
院士揭秘:中国援意大利伊拉克带了这两种抗疫中药,江西南昌,这是要抄以岭制药吗,横刀的马甲,3
院士揭秘:中国援意大利伊拉克带了这两种抗疫中药,浙江杭州,又要脱销,用户5160176065,3
院士揭秘:中国援意大利伊拉克带了这两种抗疫中药,上海,我也有秘方，凡患此病每人肚眼上贴一张朱砂符，保证百分之九十痊愈。,用户6989543676,3
院士揭秘:中国援意大利伊拉克带了这两种抗疫中药,黑龙江大庆,这算创新么?,胡-言-乱-语,2
院士揭秘:中国援意大利伊拉克带了这两种抗疫中药,山东威海,中药的品质如果更好，效果估计会立竿见影。唉！,青山依旧在_3708,2
院士揭秘:中国援意大利伊拉克带了这两种抗疫中药,广东茂名,西药的作用是直接杀死病毒，病毒变异就没办法了；中药的作用是让病毒恶心得吃不下任何东西，活活饿死病毒，病毒变异也没法活。,用户2642649971,2
院士揭秘:中国援意大利伊拉克带了这两种抗疫中药,河北廊坊,关键是哪种或哪几种元素有效，然后提取，最好人工可以合成，做成药片，更方便服用。这样，重要和西药外观上就没什么区别了，甚至原理也更接近了。,Zapeter,2
院士揭秘:中国援意大利伊拉克带了这两种抗疫中药,河北,中医药的价值需要重新深入研究，内中奥秘可能更神奇。,一鸣雄鸡,2
院士揭秘:中国援意大利伊拉克带了这两种抗疫中药,江苏连云港,中医药学是一个伟大的宝库，应当努力发掘，加以提高——诚如伟人的先知灼见，在世界陷入疫情恐慌之际，我们拥有别人没有的宝藏与治疗手段，为什么直到现在还有那么多人自轻自贱疯狂诋毁抹黑中医药？为什么就不能对祖国辉煌灿烂的传统医学更自信一些呢？,疾风356,2
院士揭秘:中国援意大利伊拉克带了这两种抗疫中药,广东韶关,用就是了,weawwa,1
院士揭秘:中国援意大利伊拉克带了这两种抗疫中药,四川广安,这两种中成药对轻症有效。对重症效果怎么样？,用户7307055594,1
院士揭秘:中国援意大利伊拉克带了这两种抗疫中药,河北保定,大爱无疆！中华优秀文化！中医、中药会越来越受到大家高度重视和喜爱的！是能够解决些世界性的多种难题的！是不会有国界的！是会本着初心，造福世界人民的！......。,钟 键,1
院士揭秘:中国援意大利伊拉克带了这两种抗疫中药,辽宁沈阳,是，喝了就不紧张了,阿蒂更,1
院士揭秘:中国援意大利伊拉克带了这两种抗疫中药,江苏盐城,这是一场没有硝烟却危及所有生命的恐怖战争，中国人民始终是无私的！,离岸银行帐户-银行信用贷款,1
院士揭秘:中国援意大利伊拉克带了这两种抗疫中药,贵州贵阳,钟院士强大,用户7412763112,1
院士揭秘:中国援意大利伊拉克带了这两种抗疫中药,广东,河水污染，雾霾，废气……谁又给药材一个生长环境？中医&amp;中药，,星辰曦夜,1
院士揭秘:中国援意大利伊拉克带了这两种抗疫中药,北京,赞,用户5421952562,1
院士揭秘:中国援意大利伊拉克带了这两种抗疫中药,四川泸州,治疗新冠病毒，显示我中华国粹中医的博大精深，在此次疫情面前，中国中医大显身造福人类。这也是宣传我中医的大好机会，我们为此而点赞！,岁月文章,1
院士揭秘:中国援意大利伊拉克带了这两种抗疫中药,四川成都,中药有疗效[可爱],用户6009871143,1
院士揭秘:中国援意大利伊拉克带了这两种抗疫中药,河南安阳,辛苦了,旧家70626,1
院士揭秘:中国援意大利伊拉克带了这两种抗疫中药,北京,加油！,用户5421556809,1
院士揭秘:中国援意大利伊拉克带了这两种抗疫中药,北京,加油,麦兜兜快长大,0
院士揭秘:中国援意大利伊拉克带了这两种抗疫中药,云南,支持,弥尔0220,0
院士揭秘:中国援意大利伊拉克带了这两种抗疫中药,江苏苏州,2000年前的，祖宗的药！不可外传！,流浪的鱼_工作联系_QQ57558865,0
院士揭秘:中国援意大利伊拉克带了这两种抗疫中药,浙江,一,我想飞5677155661,0
院士揭秘:中国援意大利伊拉克带了这两种抗疫中药,福建泉州,🤘🤘🤘,用户5209521492,0
院士揭秘:中国援意大利伊拉克带了这两种抗疫中药,北京,加油,用户7364601359,0
院士揭秘:中国援意大利伊拉克带了这两种抗疫中药,浙江衢州,中国牛掰，武汉加油,莫风987,0
院士揭秘:中国援意大利伊拉克带了这两种抗疫中药,安徽池州,外国人喝的惯中药么,罗宁04217,0
院士揭秘:中国援意大利伊拉克带了这两种抗疫中药,上海,你ie ie,用户6408918240,0
院士揭秘:中国援意大利伊拉克带了这两种抗疫中药,江苏镇江,张院士呀。不要总是轻症、轻症的。你不能拿出双盲实验数据呀？,用户7376566738,0
院士揭秘:中国援意大利伊拉克带了这两种抗疫中药,河南郑州,"&quot;金花清感药方是......北京市集全市之力研发而成&quot;,既然如此,全市之民若对症是否免费取用?",喜猫猫爱上小耗子,0
院士揭秘:中国援意大利伊拉克带了这两种抗疫中药,北京,为什么不带双黄连口服液呢？咱们中国人不是抢这个都抢不到吗？,龙哥风云天下,0
院士揭秘:中国援意大利伊拉克带了这两种抗疫中药,黑龙江哈尔滨,我国的西医在发达国家中的水平评价，无论是诊疗水平、设备仪器都是小儿科。只有物美价廉扶正祛邪的中医才是中国战疫情成功的先进诊疗技术的代表。解决了现代西医难以解决的问题，这就是代表了现代科学发展的趋势与方向，是真正的科学。,dlshuijun,0
首都机场T3D专区次日中转旅客将先送新国展,湖北,这还差不多，不要一概拒之，北京是首都，要做个好样子，不要只会吹喇叭，乱叫喊！,村长Zld0,2
